Customer UUID,License Plate,Reservation Cost,Start Date,End Date
269747208,DETW097,$405.0,07-17-2024,07-22-2024
165200085,ABNB728,$210.0,07-25-2024,07-28-2024
649772556,9DPQ331,$360.0,06-19-2024,06-23-2024
986144404,DBKD176,$476.0,08-01-2024,08-08-2024
649772556,AURV538,$345.0,06-08-2024,06-13-2024
799473177,FTMA717,$609.0,09-02-2024,09-09-2024
648851830,FXAH145,$384.0,09-08-2024,09-12-2024
662240605,AGOF400,$200.0,06-23-2024,06-25-2024
119278408,9NGO556,$595.0,06-04-2024,06-11-2024
728898444,9UGM753,$666.0,04-13-2024,04-22-2024
743302374,FAAH928,$222.0,05-02-2024,05-05-2024
479091868,DZTU703,$376.0,06-01-2024,06-05-2024
677598598,DTYU744,$567.0,10-07-2024,10-14-2024
609143061,9AKY673,$273.0,05-31-2024,06-03-2024
64543866,ECKQ693,$144.0,06-24-2024,06-26-2024
291519750,BEDA260,$600.0,07-28-2024,08-05-2024
521897428,FYWL335,$170.0,09-07-2024,09-09-2024
725335620,BRUA581,$468.0,05-24-2024,05-30-2024
80397217,FXAH145,$384.0,08-08-2024,08-12-2024
35525525,BSLQ234,$684.0,09-07-2024,09-16-2024
175935213,CCDI157,$462.0,07-14-2024,07-20-2024
725335620,FCUR408,$222.0,07-05-2024,07-08-2024
863887085,AFDM005,$711.0,09-04-2024,09-13-2024
406700856,FFYF780,$693.0,04-17-2024,04-26-2024
138707422,AUWR734,$225.0,06-06-2024,06-09-2024
479091868,BBJK185,$765.0,07-08-2024,07-17-2024
937272882,FCUR408,$148.0,05-14-2024,05-16-2024
138707422,BVYQ198,$320.0,04-20-2024,04-24-2024
321316431,AEIK122,$729.0,09-17-2024,09-26-2024
862507606,FACF408,$146.0,08-17-2024,08-19-2024
862507606,CVIA560,$584.0,08-01-2024,08-09-2024
109379709,CHWK582,$276.0,09-04-2024,09-08-2024
563745302,7APQ319,$486.0,09-18-2024,09-24-2024
741962683,FTOZ876,$365.0,08-07-2024,08-12-2024
488261289,9UGM753,$222.0,09-08-2024,09-11-2024
788912809,9DLE883,$648.0,07-27-2024,08-05-2024
175935213,CUOC036,$720.0,06-13-2024,06-22-2024
605771361,CWOI888,$350.0,04-14-2024,04-19-2024
469100413,BRUA581,$390.0,09-14-2024,09-19-2024
289623324,EQON256,$483.0,06-27-2024,07-04-2024
279866029,DQTM478,$273.0,07-30-2024,08-02-2024
788912809,ABME422,$425.0,08-31-2024,09-05-2024
367015583,7RAV513,$264.0,05-30-2024,06-03-2024
179925221,BRUA581,$468.0,10-02-2024,10-08-2024
840338406,BEGX199,$612.0,09-18-2024,09-27-2024
609143061,FJZR795,$567.0,05-08-2024,05-15-2024
725335620,9GMA719,$375.0,07-15-2024,07-20-2024
993928228,FEYW225,$450.0,10-08-2024,10-14-2024
360512733,AIHE645,$258.0,04-15-2024,04-18-2024
784629838,FMJX362,$469.0,05-26-2024,06-02-2024
719210251,FQNS808,$408.0,04-20-2024,04-26-2024
291519750,FVDE771,$415.0,06-07-2024,06-12-2024
297698304,9GMA719,$225.0,04-28-2024,05-01-2024
179925221,7JNY662,$182.0,10-01-2024,10-03-2024
826293402,DETW097,$162.0,07-16-2024,07-18-2024
305834588,AVYE338,$648.0,08-03-2024,08-11-2024
67767737,FXVW218,$450.0,05-05-2024,05-10-2024
30276814,8SMG077,$150.0,04-19-2024,04-21-2024
779990783,DONX147,$375.0,04-20-2024,04-25-2024
491626043,EFKZ396,$186.0,09-01-2024,09-03-2024
596142908,AFDM005,$553.0,06-12-2024,06-19-2024
705329700,FVDE771,$747.0,08-19-2024,08-28-2024
843845289,ABME422,$340.0,07-31-2024,08-04-2024
872776131,EFSW689,$664.0,06-16-2024,06-24-2024
305834588,CAVE560,$156.0,08-10-2024,08-12-2024
165200085,CPQC394,$528.0,05-04-2024,05-10-2024
780305481,DONX147,$225.0,09-09-2024,09-12-2024
705329700,ERLB360,$300.0,10-06-2024,10-10-2024
363409618,BJXF302,$819.0,09-30-2024,10-09-2024
971613092,CUPZ257,$490.0,04-30-2024,05-07-2024
369027919,CKGD056,$534.0,07-10-2024,07-16-2024
170704074,FIFH236,$581.0,04-12-2024,04-19-2024
609143061,8YYA881,$400.0,10-01-2024,10-06-2024
799473177,ERLB360,$525.0,04-21-2024,04-28-2024
808894320,DAFB655,$150.0,04-15-2024,04-17-2024
138707422,8NBL948,$219.0,04-30-2024,05-03-2024
76325232,FASB691,$470.0,04-13-2024,04-18-2024
780305481,FCTZ147,$450.0,06-25-2024,07-01-2024
67767737,BRUA581,$312.0,07-05-2024,07-09-2024
33601814,9DPQ331,$360.0,09-03-2024,09-07-2024
406949556,ABNB728,$560.0,07-07-2024,07-15-2024
728898444,FXAH145,$384.0,04-29-2024,05-03-2024
606059082,BOJT136,$540.0,06-22-2024,06-28-2024
90345877,7BZR737,$672.0,08-22-2024,08-30-2024
291519750,DUTM533,$657.0,07-22-2024,07-31-2024
138707422,9LCR787,$328.0,09-11-2024,09-15-2024
35674385,ECUK231,$324.0,07-19-2024,07-23-2024
136724904,CLWM859,$846.0,08-12-2024,08-21-2024
725335620,BSSK021,$810.0,05-14-2024,05-23-2024
404572360,7HOG319,$207.0,04-25-2024,04-28-2024
299793443,BLNV438,$581.0,07-01-2024,07-08-2024
404572360,EFKZ396,$186.0,05-19-2024,05-21-2024
728898444,9GMA719,$150.0,07-08-2024,07-10-2024
119278408,9UIY476,$340.0,09-21-2024,09-26-2024
76325232,9NXW107,$644.0,10-09-2024,10-16-2024
697866014,FCKY011,$340.0,07-30-2024,08-03-2024
488261289,AIHE645,$172.0,09-21-2024,09-23-2024
705329700,CEQG495,$639.0,05-20-2024,05-29-2024
580030853,7YXK597,$425.0,09-30-2024,10-05-2024
111324434,DZTU703,$658.0,04-17-2024,04-24-2024
136724904,FCUR408,$148.0,08-29-2024,08-31-2024
780305481,9NKB631,$568.0,07-26-2024,08-03-2024
404572360,BIME522,$648.0,09-10-2024,09-19-2024
615007343,BIME522,$504.0,05-26-2024,06-02-2024
677598598,7DMP066,$567.0,06-19-2024,06-26-2024
677598598,7DMP066,$324.0,07-22-2024,07-26-2024
281206208,FIFH236,$747.0,07-25-2024,08-03-2024
843845289,AFGY643,$243.0,04-25-2024,04-28-2024
430273332,AYLI330,$325.0,09-13-2024,09-18-2024
165200085,FJZR795,$324.0,04-11-2024,04-15-2024
491626043,AACU839,$340.0,07-12-2024,07-17-2024
521897428,DQTM478,$546.0,04-24-2024,04-30-2024
909455043,DHEG658,$288.0,05-10-2024,05-14-2024
955909138,8BFA966,$504.0,08-15-2024,08-22-2024
553292040,AAAG831,$395.0,07-23-2024,07-28-2024
909455043,CCDI157,$154.0,08-15-2024,08-17-2024
35674385,CSWJ881,$335.0,04-10-2024,04-15-2024
868078333,CYAJ505,$595.0,09-06-2024,09-13-2024
401456762,BMXI972,$225.0,08-18-2024,08-21-2024
823967817,FJZR795,$405.0,08-22-2024,08-27-2024
967520804,DYDO149,$160.0,04-12-2024,04-14-2024
685503066,EUYM215,$390.0,08-15-2024,08-21-2024
615007343,CIVB005,$335.0,06-07-2024,06-12-2024
719210251,DAGR448,$664.0,08-28-2024,09-05-2024
907155947,AYLI330,$520.0,07-30-2024,08-07-2024
788912809,8ZWL729,$240.0,06-11-2024,06-14-2024
993042465,ANWR021,$640.0,09-23-2024,10-01-2024
475024229,ABME422,$425.0,07-13-2024,07-18-2024
281206208,BJXF302,$455.0,04-14-2024,04-19-2024
400046743,9DPQ331,$720.0,07-29-2024,08-06-2024
840338406,DONX147,$375.0,04-23-2024,04-28-2024
885162558,DAGR448,$415.0,04-13-2024,04-18-2024
719210251,8NMA869,$760.0,08-16-2024,08-24-2024
526729019,BAOY441,$204.0,05-28-2024,05-31-2024
673848580,DETW097,$648.0,09-16-2024,09-24-2024
30276814,ERLB360,$600.0,09-04-2024,09-12-2024
279866029,FUXJ974,$355.0,09-04-2024,09-09-2024
175935213,CYAJ505,$680.0,07-22-2024,07-30-2024
199351440,ERSM965,$158.0,09-02-2024,09-04-2024
360512733,CYAJ505,$595.0,06-28-2024,07-05-2024
823967817,DYDO149,$240.0,08-11-2024,08-14-2024
448207364,9NKB631,$355.0,04-15-2024,04-20-2024
336905526,8NBL948,$511.0,08-26-2024,09-02-2024
799473177,DYDO149,$320.0,07-18-2024,07-22-2024
440914226,FOZM670,$219.0,04-27-2024,04-30-2024
753068911,CAVE560,$702.0,07-08-2024,07-17-2024
179925221,7XYE541,$272.0,04-16-2024,04-20-2024
406700856,CUXS961,$210.0,06-03-2024,06-06-2024
608597641,BIME522,$576.0,05-16-2024,05-24-2024
829770797,BZBS962,$231.0,07-27-2024,07-30-2024
434552769,7DMP066,$567.0,08-18-2024,08-25-2024
296964710,DIMM313,$665.0,07-12-2024,07-19-2024
138707422,ECUK231,$486.0,09-30-2024,10-06-2024
882035268,EQXI374,$595.0,05-08-2024,05-15-2024
843845289,EASB230,$476.0,06-17-2024,06-24-2024
971037928,CIVB005,$268.0,08-14-2024,08-18-2024
111324434,CHWK582,$207.0,05-12-2024,05-15-2024
452907250,BTPZ494,$720.0,05-23-2024,06-01-2024
846025632,9LDY774,$426.0,04-11-2024,04-17-2024
622764931,9DLE883,$648.0,08-17-2024,08-26-2024
872776131,AALF742,$801.0,05-11-2024,05-20-2024
519693449,ABNB728,$560.0,09-19-2024,09-27-2024
753068911,9NXW107,$368.0,05-22-2024,05-26-2024
685503066,CUOC036,$720.0,07-22-2024,07-31-2024
111324434,CEQG495,$497.0,06-02-2024,06-09-2024
331456401,CAVE560,$156.0,07-03-2024,07-05-2024
321316431,CDPL309,$184.0,05-18-2024,05-20-2024
400046743,FOZM670,$511.0,07-11-2024,07-18-2024
655669704,BEGX199,$476.0,09-25-2024,10-02-2024
840338406,EKAD899,$375.0,05-05-2024,05-10-2024
907155947,CCDI157,$154.0,04-20-2024,04-22-2024
553292040,AWAS323,$738.0,06-23-2024,07-02-2024
400046743,AAAG831,$395.0,05-26-2024,05-31-2024
331456401,DZTU703,$752.0,07-03-2024,07-11-2024
911876854,FEYW225,$225.0,09-27-2024,09-30-2024
937272882,EQXI374,$255.0,05-22-2024,05-25-2024
76325232,FXVO520,$592.0,09-15-2024,09-23-2024
608597641,ABME422,$680.0,06-28-2024,07-06-2024
606059082,BIME522,$216.0,04-24-2024,04-27-2024
826293402,CZPA102,$585.0,07-16-2024,07-25-2024
299793443,FZOI621,$532.0,09-29-2024,10-06-2024
279866029,CCDI157,$231.0,06-29-2024,07-02-2024
24050276,CPQX649,$648.0,05-07-2024,05-16-2024
563745302,AOQA074,$600.0,10-07-2024,10-15-2024
530103853,FEYW225,$450.0,04-14-2024,04-20-2024
35674385,ARKW693,$680.0,04-28-2024,05-06-2024
743302374,CAVE560,$624.0,08-04-2024,08-12-2024
553292040,9VQH926,$225.0,05-02-2024,05-05-2024
850776163,ABME422,$680.0,04-28-2024,05-06-2024
615007343,BEDA260,$675.0,06-28-2024,07-07-2024
305834588,8WKH525,$190.0,07-15-2024,07-17-2024
163603617,AOQA074,$450.0,04-23-2024,04-29-2024
662240605,FHTG866,$166.0,08-01-2024,08-03-2024
916638788,7HOG319,$414.0,07-01-2024,07-07-2024
430273332,CWOI888,$140.0,04-30-2024,05-02-2024
874511732,8YYA881,$720.0,05-07-2024,05-16-2024
401456762,CDPL309,$184.0,07-15-2024,07-17-2024
297698304,AIHE645,$774.0,04-12-2024,04-21-2024
776057912,ANWR021,$560.0,04-30-2024,05-07-2024
609143061,7XYE541,$340.0,05-14-2024,05-19-2024
256033486,BGSO491,$592.0,06-19-2024,06-27-2024
497630591,9NGO556,$340.0,08-10-2024,08-14-2024
462964934,AFBB735,$536.0,05-10-2024,05-18-2024
907155947,EWHA995,$380.0,08-18-2024,08-22-2024
449946739,EUYM215,$390.0,08-07-2024,08-13-2024
305834588,DBKD176,$544.0,04-15-2024,04-23-2024
829770797,CWRF435,$375.0,07-11-2024,07-16-2024
80397217,AALF742,$801.0,06-15-2024,06-24-2024
530103853,CKSX150,$765.0,07-22-2024,07-31-2024
33601814,AALF742,$356.0,05-07-2024,05-11-2024
440914226,8KPH461,$276.0,07-26-2024,07-30-2024
761529479,EUYM215,$455.0,05-30-2024,06-06-2024
269747208,EIPC822,$348.0,08-28-2024,09-01-2024
448207364,DMDS717,$602.0,04-11-2024,04-18-2024
406949556,DNCG244,$440.0,07-01-2024,07-06-2024
745253651,DVFL170,$630.0,07-08-2024,07-17-2024
404572360,AEIK122,$324.0,05-10-2024,05-14-2024
372987728,EFKZ396,$837.0,08-18-2024,08-27-2024
321316431,DAGU445,$375.0,06-16-2024,06-21-2024
179925221,DQTM478,$637.0,08-06-2024,08-13-2024
367015583,DPSQ669,$190.0,04-13-2024,04-15-2024
705329700,BTAS366,$365.0,05-03-2024,05-08-2024
605771361,CLWM859,$470.0,05-21-2024,05-26-2024
874511732,FJZR795,$324.0,08-24-2024,08-28-2024
109379709,AERT456,$296.0,06-28-2024,07-02-2024
35955195,9QUG766,$460.0,09-23-2024,09-28-2024
993042465,8NBL948,$657.0,04-18-2024,04-27-2024
650141573,DETW097,$243.0,05-11-2024,05-14-2024
536881306,CPQX649,$360.0,09-05-2024,09-10-2024
909455043,9WHO625,$680.0,09-12-2024,09-20-2024
475024229,8BFA966,$576.0,07-03-2024,07-11-2024
416592246,BAOY441,$272.0,05-28-2024,06-01-2024
784629838,7XMA659,$430.0,05-12-2024,05-17-2024
255933701,FCKY011,$425.0,05-14-2024,05-19-2024
134518861,9LCR787,$246.0,08-05-2024,08-08-2024
163929070,FLGB043,$304.0,08-27-2024,08-31-2024
986144404,DAGR448,$664.0,10-02-2024,10-10-2024
705329700,AIHE645,$258.0,04-20-2024,04-23-2024
270236027,7XMA659,$172.0,06-02-2024,06-04-2024
741962683,FSTD820,$264.0,07-11-2024,07-14-2024
697866014,CVLY172,$264.0,06-27-2024,07-01-2024
622764931,DJIA268,$264.0,10-06-2024,10-09-2024
27621585,EUYM215,$520.0,08-17-2024,08-25-2024
885162558,9DPQ331,$810.0,04-16-2024,04-25-2024
96275268,9QKS144,$288.0,04-25-2024,04-29-2024
944445298,AGOF400,$500.0,08-11-2024,08-16-2024
788912809,FZOI621,$380.0,07-07-2024,07-12-2024
543634277,CEQG495,$213.0,08-17-2024,08-20-2024
655669704,CJNZ445,$558.0,05-09-2024,05-15-2024
826293402,EWHA995,$285.0,07-07-2024,07-10-2024
840338406,ECKQ693,$216.0,05-06-2024,05-09-2024
536881306,FVDE771,$747.0,10-06-2024,10-15-2024
448207364,BBJK185,$170.0,09-17-2024,09-19-2024
751090680,CVIA560,$584.0,09-15-2024,09-23-2024
406700856,AEIK122,$405.0,07-27-2024,08-01-2024
175935213,EUWU242,$567.0,05-10-2024,05-17-2024
719210251,DHDA446,$665.0,06-08-2024,06-15-2024
868078333,8ZWL729,$720.0,05-24-2024,06-02-2024
367015583,7BZR737,$252.0,05-21-2024,05-24-2024
850776163,CHGT736,$624.0,09-02-2024,09-10-2024
372987728,DJIA268,$792.0,09-12-2024,09-21-2024
84574353,ANWR021,$320.0,04-22-2024,04-26-2024
281206208,FTMA717,$174.0,10-04-2024,10-06-2024
585673420,BMXI972,$450.0,06-17-2024,06-23-2024
401456762,AYLI330,$585.0,07-31-2024,08-09-2024
547754654,FZOI621,$304.0,05-01-2024,05-05-2024
911876854,7KKX458,$728.0,10-03-2024,10-11-2024
909455043,FOZM670,$219.0,06-28-2024,07-01-2024
754663999,EUWU242,$405.0,06-12-2024,06-17-2024
76325232,BMOV852,$146.0,04-23-2024,04-25-2024
163929070,7APQ319,$243.0,06-18-2024,06-21-2024
372987728,CIVB005,$201.0,05-25-2024,05-28-2024
273059563,FCUR408,$666.0,09-12-2024,09-21-2024
479091868,7TIZ223,$623.0,04-10-2024,04-17-2024
462964934,BDDH581,$666.0,06-12-2024,06-21-2024
479091868,FLGB043,$456.0,09-27-2024,10-03-2024
416592246,7BZR737,$168.0,05-17-2024,05-19-2024
782136355,FOPO024,$162.0,05-04-2024,05-06-2024
475024229,AYLI330,$130.0,04-23-2024,04-25-2024
440914226,BMXI972,$600.0,04-25-2024,05-03-2024
648851830,BAOY441,$272.0,06-11-2024,06-15-2024
648851830,EXJE614,$276.0,05-23-2024,05-27-2024
944445298,CSWJ881,$201.0,09-12-2024,09-15-2024
622764931,AACU839,$272.0,08-04-2024,08-08-2024
971037928,8NBL948,$438.0,05-01-2024,05-07-2024
715206377,EIEP639,$600.0,07-09-2024,07-17-2024
979725382,FCKY011,$510.0,06-07-2024,06-13-2024
808894320,EUYM215,$585.0,04-28-2024,05-07-2024
174538441,EEYC334,$144.0,08-15-2024,08-17-2024
971613092,7XMA659,$172.0,07-27-2024,07-29-2024
553292040,CUPZ257,$560.0,08-16-2024,08-24-2024
35674385,EQON256,$414.0,09-08-2024,09-14-2024
986144404,FEYW225,$525.0,04-11-2024,04-18-2024
872776131,DKIJ782,$280.0,04-12-2024,04-16-2024
87629901,ADZB287,$162.0,06-07-2024,06-09-2024
602073741,EXJE614,$207.0,05-20-2024,05-23-2024
291519750,CSWJ881,$402.0,06-12-2024,06-18-2024
90345877,DKUW744,$388.0,05-23-2024,05-27-2024
547754654,FXVO520,$370.0,06-11-2024,06-16-2024
951603713,CHWK582,$621.0,07-13-2024,07-22-2024
286498682,FCKY011,$595.0,04-16-2024,04-23-2024
537754808,CCDI157,$616.0,06-12-2024,06-20-2024
367015583,7NRN364,$180.0,07-23-2024,07-25-2024
986144404,FACF408,$219.0,07-25-2024,07-28-2024
607091798,8WGN017,$511.0,10-01-2024,10-08-2024
980048683,ABME422,$595.0,06-25-2024,07-02-2024
170334582,CPQX649,$360.0,06-28-2024,07-03-2024
530033123,ALAS103,$325.0,04-20-2024,04-25-2024
605771361,FECO336,$855.0,04-21-2024,04-30-2024
316650263,ERLB360,$225.0,08-22-2024,08-25-2024
96275268,AIHE645,$688.0,08-20-2024,08-28-2024
843845289,FXVO520,$444.0,07-25-2024,07-31-2024
363409618,BIME522,$216.0,05-15-2024,05-18-2024
80397217,8WKH525,$665.0,06-22-2024,06-29-2024
388543883,BOJT136,$360.0,05-11-2024,05-15-2024
360512733,FECO336,$760.0,05-05-2024,05-13-2024
846025632,CSWJ881,$201.0,04-11-2024,04-14-2024
823967817,ABNB728,$350.0,05-12-2024,05-17-2024
614713911,BIME522,$432.0,08-24-2024,08-30-2024
64543866,9LCR787,$738.0,05-25-2024,06-03-2024
650141573,CIVB005,$268.0,10-01-2024,10-05-2024
179925221,CEQG495,$426.0,09-28-2024,10-04-2024
248384166,ABNB728,$280.0,06-09-2024,06-13-2024
369027919,BTAS366,$292.0,05-12-2024,05-16-2024
907155947,CYAJ505,$510.0,05-16-2024,05-22-2024
685503066,FUXJ974,$426.0,10-09-2024,10-15-2024
951603713,BSLQ234,$684.0,09-13-2024,09-22-2024
907155947,7KKX458,$364.0,05-19-2024,05-23-2024
614713911,AERT456,$666.0,06-09-2024,06-18-2024
553292040,FECO336,$190.0,08-02-2024,08-04-2024
360512733,CWOI888,$280.0,07-20-2024,07-24-2024
434552769,CJNZ445,$465.0,09-23-2024,09-28-2024
29412479,EAUA751,$465.0,05-14-2024,05-19-2024
537754808,DTYU744,$729.0,09-14-2024,09-23-2024
296964710,EQXI374,$595.0,06-27-2024,07-04-2024
826293402,9UGM753,$148.0,09-02-2024,09-04-2024
648851830,CIVB005,$402.0,06-06-2024,06-12-2024
406700856,7DMP066,$648.0,06-23-2024,07-01-2024
585673420,8FOS700,$405.0,05-29-2024,06-03-2024
907155947,CYAJ505,$255.0,06-19-2024,06-22-2024
614713911,BCPX693,$475.0,09-02-2024,09-07-2024
619352328,AWAS323,$164.0,09-21-2024,09-23-2024
783202995,EUYM215,$195.0,09-24-2024,09-27-2024
850776163,CPQX649,$432.0,09-02-2024,09-08-2024
697866014,ADZB287,$405.0,07-07-2024,07-12-2024
776057912,BKWZ479,$162.0,06-29-2024,07-01-2024
725335620,8KPH461,$138.0,08-01-2024,08-03-2024
662240605,7BSC477,$246.0,06-07-2024,06-10-2024
907155947,ERSM965,$395.0,09-30-2024,10-05-2024
151687148,8NMA869,$760.0,08-14-2024,08-22-2024
606059082,EFKZ396,$558.0,09-12-2024,09-18-2024
719210251,9DLE883,$576.0,04-17-2024,04-25-2024
648851830,FACF408,$657.0,09-18-2024,09-27-2024
976465949,FTOZ876,$511.0,07-13-2024,07-20-2024
331456401,FUXJ974,$355.0,07-25-2024,07-30-2024
846025632,FZOI621,$608.0,09-10-2024,09-18-2024
663213752,7YXK597,$510.0,08-17-2024,08-23-2024
951603713,ABOA076,$644.0,04-27-2024,05-04-2024
680106180,AERT456,$148.0,08-12-2024,08-14-2024
76325232,9LCR787,$738.0,06-08-2024,06-17-2024
406949556,BRUA581,$156.0,06-01-2024,06-03-2024
609143061,DZTU703,$188.0,09-26-2024,09-28-2024
916638788,7TIZ223,$801.0,04-19-2024,04-28-2024
289623324,BBPJ356,$344.0,09-13-2024,09-17-2024
553292040,EQON256,$345.0,06-20-2024,06-25-2024
649772556,CWRF435,$150.0,08-12-2024,08-14-2024
862507606,ANWR021,$560.0,09-18-2024,09-25-2024
479091868,FXDM421,$656.0,05-07-2024,05-15-2024
944445298,9NKB631,$284.0,09-01-2024,09-05-2024
808894320,9WIQ781,$258.0,05-14-2024,05-17-2024
951603713,CHWK582,$552.0,07-21-2024,07-29-2024
862507606,DYDO149,$480.0,09-11-2024,09-17-2024
479091868,CVLY172,$198.0,10-01-2024,10-04-2024
986144404,CWOI888,$280.0,04-23-2024,04-27-2024
846025632,AAAG831,$553.0,07-30-2024,08-06-2024
462964934,CEQG495,$284.0,05-19-2024,05-23-2024
944445298,EXJE614,$552.0,09-23-2024,10-01-2024
204457426,DZTU703,$188.0,06-13-2024,06-15-2024
846025632,8WGN017,$584.0,06-04-2024,06-12-2024
843845289,BTAS366,$438.0,07-19-2024,07-25-2024
291519750,FVDE771,$498.0,04-17-2024,04-23-2024
349485031,BAOY441,$136.0,05-06-2024,05-08-2024
336905526,9NKB631,$213.0,07-18-2024,07-21-2024
84574353,FASB691,$470.0,07-12-2024,07-17-2024
479091868,FXVO520,$370.0,09-26-2024,10-01-2024
136724904,AFBB735,$335.0,08-29-2024,09-03-2024
35674385,7KOZ930,$675.0,09-24-2024,10-03-2024
519693449,7BZR737,$168.0,09-28-2024,09-30-2024
885162558,9WHO625,$340.0,06-22-2024,06-26-2024
386172011,EEYC334,$432.0,04-17-2024,04-23-2024
199351440,DJIA268,$528.0,07-20-2024,07-26-2024
664492907,BLNV438,$747.0,06-26-2024,07-05-2024
29412479,AEIK122,$243.0,05-24-2024,05-27-2024
596142908,AEIK122,$729.0,08-18-2024,08-27-2024
513494803,CHGT736,$156.0,06-12-2024,06-14-2024
632552843,9GGX082,$450.0,09-09-2024,09-14-2024
967520804,9UIY476,$408.0,07-19-2024,07-25-2024
993928228,CWOI888,$280.0,09-15-2024,09-19-2024
949638040,FOZM670,$584.0,09-05-2024,09-13-2024
296512984,BBJK185,$425.0,07-06-2024,07-11-2024
273059563,FCTZ147,$450.0,05-07-2024,05-13-2024
552453893,BPTB674,$385.0,09-14-2024,09-19-2024
109379709,CUOC036,$320.0,07-30-2024,08-03-2024
563745302,FASB691,$282.0,04-13-2024,04-16-2024
76325232,BXGG029,$150.0,09-10-2024,09-12-2024
863887085,9UIY476,$272.0,04-15-2024,04-19-2024
648851830,9AKY673,$728.0,04-18-2024,04-26-2024
585673420,CEQG495,$213.0,09-02-2024,09-05-2024
363409618,EFSW689,$415.0,06-28-2024,07-03-2024
761529479,8WGN017,$657.0,08-21-2024,08-30-2024
630415903,7KKX458,$819.0,07-15-2024,07-24-2024
404572360,DIMM313,$285.0,10-01-2024,10-04-2024
41111373,8KPH461,$483.0,08-15-2024,08-22-2024
33601814,EKAD899,$525.0,09-14-2024,09-21-2024
909455043,BBJK185,$595.0,09-27-2024,10-04-2024
596142908,ALAS103,$390.0,07-10-2024,07-16-2024
521897428,9NGO556,$765.0,09-10-2024,09-19-2024
519693449,BLOD776,$469.0,08-25-2024,09-01-2024
609143061,FIFH236,$415.0,06-11-2024,06-16-2024
526729019,BPFZ992,$747.0,10-01-2024,10-10-2024
109379709,CJNZ445,$651.0,05-24-2024,05-31-2024
151687148,DMDS717,$688.0,10-03-2024,10-11-2024
462964934,7SRV090,$336.0,09-02-2024,09-06-2024
872776131,ERLB360,$450.0,09-17-2024,09-23-2024
199351440,FXVW218,$630.0,05-31-2024,06-07-2024
111324434,AERT456,$518.0,10-09-2024,10-16-2024
909455043,FTMA717,$348.0,05-07-2024,05-11-2024
843845289,CLWM859,$282.0,06-06-2024,06-09-2024
545043561,FCTZ147,$525.0,08-12-2024,08-19-2024
885162558,CWOI888,$280.0,08-28-2024,09-01-2024
479091868,BIME522,$432.0,09-05-2024,09-11-2024
316650263,8BFA966,$288.0,08-13-2024,08-17-2024
248384166,EKAD899,$600.0,06-26-2024,07-04-2024
605771361,8SMG077,$150.0,09-23-2024,09-25-2024
663213752,7YXK597,$255.0,09-05-2024,09-08-2024
980048683,7PUF483,$332.0,05-13-2024,05-17-2024
331456401,CIOD016,$664.0,05-09-2024,05-17-2024
784629838,CHGT736,$156.0,08-12-2024,08-14-2024
650141573,DBKD176,$408.0,08-26-2024,09-01-2024
705329700,DBKD176,$340.0,05-24-2024,05-29-2024
163603617,BMOV852,$146.0,04-17-2024,04-19-2024
336905526,DQTM478,$273.0,08-24-2024,08-27-2024
174538441,EEYC334,$144.0,08-16-2024,08-18-2024
608597641,9WHO625,$510.0,10-04-2024,10-10-2024
174538441,AEIK122,$486.0,09-15-2024,09-21-2024
386172011,DXFH334,$693.0,05-02-2024,05-11-2024
761529479,9VQH926,$450.0,04-16-2024,04-22-2024
823967817,AALF742,$445.0,07-04-2024,07-09-2024
530033123,FFYF780,$231.0,08-11-2024,08-14-2024
661449798,8SMG077,$525.0,07-24-2024,07-31-2024
829770797,FEYW225,$375.0,05-23-2024,05-28-2024
35674385,FCTZ147,$375.0,06-02-2024,06-07-2024
27621585,FOZM670,$438.0,08-20-2024,08-26-2024
680106180,ADZB287,$729.0,07-22-2024,07-31-2024
971613092,CKSX150,$595.0,05-05-2024,05-12-2024
30276814,7TIZ223,$356.0,07-17-2024,07-21-2024
753068911,DKIJ782,$490.0,09-23-2024,09-30-2024
885162558,BTAS366,$292.0,08-15-2024,08-19-2024
174538441,FOPO024,$162.0,05-12-2024,05-14-2024
488261289,EJUY495,$332.0,05-29-2024,06-02-2024
138707422,CYAJ505,$765.0,05-04-2024,05-13-2024
481559250,AVYE338,$405.0,07-23-2024,07-28-2024
782862846,AUWR734,$450.0,08-31-2024,09-06-2024
256033486,CUPZ257,$280.0,05-17-2024,05-21-2024
784629838,APAR210,$132.0,05-08-2024,05-10-2024
136724904,7YXK597,$340.0,06-15-2024,06-19-2024
563745302,FXVW218,$180.0,06-14-2024,06-16-2024
296964710,CAVE560,$624.0,10-06-2024,10-14-2024
885162558,DNCG244,$704.0,06-29-2024,07-07-2024
30276814,9WIQ781,$172.0,04-21-2024,04-23-2024
666361831,FSTD820,$792.0,05-07-2024,05-16-2024
179925221,ERLB360,$450.0,04-21-2024,04-27-2024
479091868,FEYW225,$675.0,05-01-2024,05-10-2024
80397217,EFKZ396,$837.0,08-03-2024,08-12-2024
614713911,BEGX199,$476.0,05-16-2024,05-23-2024
868078333,CPII222,$408.0,06-10-2024,06-16-2024
179925221,CDPL309,$828.0,05-29-2024,06-07-2024
163929070,DAFB655,$450.0,08-17-2024,08-23-2024
545043561,9NKB631,$426.0,07-02-2024,07-08-2024
76325232,BAOY441,$612.0,07-06-2024,07-15-2024
491626043,CPII222,$272.0,06-30-2024,07-04-2024
622764931,EQON256,$276.0,08-30-2024,09-03-2024
986144404,EFKZ396,$744.0,07-04-2024,07-12-2024
829770797,AEIK122,$729.0,04-12-2024,04-21-2024
64543866,CDPL309,$828.0,09-20-2024,09-29-2024
449946739,9PLN751,$395.0,07-19-2024,07-24-2024
199351440,ECKQ693,$504.0,06-03-2024,06-10-2024
911876854,FQNS808,$272.0,05-24-2024,05-28-2024
29412479,AFDM005,$553.0,09-25-2024,10-02-2024
743302374,DPSQ669,$190.0,07-21-2024,07-23-2024
662240605,DAGU445,$300.0,06-08-2024,06-12-2024
51513365,FTOZ876,$219.0,06-20-2024,06-23-2024
986144404,ABOA076,$644.0,05-31-2024,06-07-2024
136724904,BEDA260,$375.0,07-09-2024,07-14-2024
971037928,8WKH525,$285.0,08-25-2024,08-28-2024
151308019,AFDM005,$632.0,08-11-2024,08-19-2024
955909138,BIME522,$576.0,08-18-2024,08-26-2024
619352328,AVYE338,$405.0,09-10-2024,09-15-2024
481559250,FMJX362,$268.0,06-30-2024,07-04-2024
553292040,9NKB631,$497.0,09-06-2024,09-13-2024
761529479,BEDA260,$150.0,08-24-2024,08-26-2024
741962683,DBKD176,$544.0,08-31-2024,09-08-2024
163929070,DUTM533,$511.0,09-30-2024,10-07-2024
87629901,8WKH525,$665.0,09-04-2024,09-11-2024
434552769,BTPZ494,$480.0,07-16-2024,07-22-2024
305834588,7NRN364,$630.0,06-28-2024,07-05-2024
530033123,ECKQ693,$360.0,08-29-2024,09-03-2024
479091868,7BZR737,$336.0,08-08-2024,08-12-2024
350930926,7PUF483,$415.0,06-21-2024,06-26-2024
543634277,8FOS700,$729.0,04-23-2024,05-02-2024
649772556,CZPA102,$520.0,06-22-2024,06-30-2024
165200085,DKUW744,$582.0,06-05-2024,06-11-2024
179925221,DJIA268,$352.0,07-21-2024,07-25-2024
715206377,7KKX458,$819.0,05-28-2024,06-06-2024
87629901,FEYW225,$150.0,06-08-2024,06-10-2024
993042465,BAEK818,$285.0,09-14-2024,09-17-2024
843845289,FASB691,$658.0,08-30-2024,09-06-2024
779990783,EAUA751,$372.0,09-10-2024,09-14-2024
321316431,9NGO556,$170.0,06-17-2024,06-19-2024
448207364,DETW097,$162.0,07-22-2024,07-24-2024
24050276,FIFH236,$747.0,06-08-2024,06-17-2024
536881306,7RAV513,$330.0,08-19-2024,08-24-2024
30276814,BEDA260,$450.0,09-11-2024,09-17-2024
281206208,BCPX693,$855.0,07-24-2024,08-02-2024
67767737,ARKW693,$170.0,07-26-2024,07-28-2024
270236027,DIMM313,$285.0,08-26-2024,08-29-2024
907155947,BTAS366,$657.0,08-09-2024,08-18-2024
882035268,9UIY476,$476.0,05-07-2024,05-14-2024
608597641,FECO336,$665.0,06-03-2024,06-10-2024
782862846,DKIJ782,$630.0,06-20-2024,06-29-2024
462964934,9GMA719,$450.0,08-01-2024,08-07-2024
662240605,CAVE560,$156.0,08-09-2024,08-11-2024
650141573,EBXF566,$462.0,09-12-2024,09-19-2024
35525525,EBXF566,$132.0,05-12-2024,05-14-2024
650279219,7JNY662,$273.0,09-19-2024,09-22-2024
320644673,7BSC477,$574.0,08-11-2024,08-18-2024
663213752,AWAS323,$656.0,04-30-2024,05-08-2024
971037928,9QKS144,$504.0,06-15-2024,06-22-2024
912241333,9GMA719,$375.0,09-02-2024,09-07-2024
513494803,8WKH525,$855.0,09-14-2024,09-23-2024
248384166,8ZWL729,$240.0,05-18-2024,05-21-2024
67767737,CIVB005,$536.0,06-11-2024,06-19-2024
666361831,DQTM478,$182.0,05-07-2024,05-09-2024
386172011,AACU839,$408.0,06-11-2024,06-17-2024
296512984,9QKS144,$288.0,09-08-2024,09-12-2024
882035268,CJNZ445,$372.0,08-28-2024,09-01-2024
350930926,BLNV438,$498.0,09-20-2024,09-26-2024
270236027,AFBB735,$536.0,06-02-2024,06-10-2024
126460203,AIHE645,$688.0,08-21-2024,08-29-2024
912241333,CHGT736,$234.0,06-21-2024,06-24-2024
753068911,FYWL335,$510.0,09-10-2024,09-16-2024
143051701,FCTZ147,$525.0,04-10-2024,04-17-2024
649772556,9AKY673,$546.0,07-25-2024,07-31-2024
911876854,APAR210,$264.0,07-06-2024,07-10-2024
874511732,DBKD176,$476.0,06-30-2024,07-07-2024
331456401,ABNB728,$140.0,08-29-2024,08-31-2024
151687148,9NKB631,$497.0,06-02-2024,06-09-2024
388543883,CHWK582,$552.0,05-18-2024,05-26-2024
401456762,ABME422,$170.0,09-15-2024,09-17-2024
619352328,DXFH334,$616.0,09-06-2024,09-14-2024
449946739,8WGN017,$511.0,04-17-2024,04-24-2024
400046743,AFDM005,$316.0,09-12-2024,09-16-2024
349485031,DKIJ782,$140.0,09-02-2024,09-04-2024
664492907,AOQA074,$525.0,08-16-2024,08-23-2024
862507606,BTAS366,$146.0,05-22-2024,05-24-2024
270236027,AERT456,$296.0,08-02-2024,08-06-2024
481559250,DUTM533,$146.0,07-13-2024,07-15-2024
526729019,8ZWL729,$160.0,04-19-2024,04-21-2024
530103853,FASB691,$658.0,07-08-2024,07-15-2024
296964710,ERSM965,$237.0,09-25-2024,09-28-2024
448207364,7KOZ930,$150.0,07-06-2024,07-08-2024
907155947,DIMM313,$190.0,09-18-2024,09-20-2024
949638040,8NBL948,$657.0,09-02-2024,09-11-2024
174538441,EJUY495,$581.0,05-06-2024,05-13-2024
170334582,FXAH145,$768.0,07-01-2024,07-09-2024
980048683,BAEK818,$190.0,06-20-2024,06-22-2024
369027919,DHDA446,$665.0,09-01-2024,09-08-2024
151687148,FXVO520,$666.0,06-29-2024,07-08-2024
940813921,BTCI279,$204.0,09-27-2024,09-30-2024
136724904,FSTD820,$616.0,08-30-2024,09-06-2024
882035268,EWHA995,$570.0,06-27-2024,07-03-2024
650729406,7TIZ223,$178.0,09-04-2024,09-06-2024
404572360,AFDM005,$395.0,06-10-2024,06-15-2024
305834588,FZOI621,$532.0,06-13-2024,06-20-2024
622764931,BIME522,$432.0,08-28-2024,09-03-2024
617080020,CHWK582,$138.0,05-01-2024,05-03-2024
937272882,BMXI972,$150.0,09-11-2024,09-13-2024
826293402,AURV538,$483.0,09-02-2024,09-09-2024
608597641,7KKX458,$819.0,05-20-2024,05-29-2024
779990783,7PUF483,$498.0,08-02-2024,08-08-2024
404572360,AALF742,$445.0,09-02-2024,09-07-2024
677598598,7KOZ930,$225.0,07-13-2024,07-16-2024
289623324,FMJX362,$536.0,08-30-2024,09-07-2024
672974148,FXVW218,$630.0,09-04-2024,09-11-2024
163603617,BCPX693,$855.0,04-13-2024,04-22-2024
406700856,BAOY441,$544.0,06-01-2024,06-09-2024
907155947,7RAV513,$198.0,08-12-2024,08-15-2024
134518861,CDPL309,$736.0,04-24-2024,05-02-2024
543634277,BUCH439,$644.0,07-08-2024,07-15-2024
96275268,FHTG866,$664.0,09-04-2024,09-12-2024
780305481,DHEG658,$216.0,04-17-2024,04-20-2024
513494803,BMXI972,$525.0,04-17-2024,04-24-2024
666361831,ECKQ693,$216.0,04-10-2024,04-13-2024
741962683,FZOI621,$380.0,10-01-2024,10-06-2024
782136355,ALAS103,$390.0,05-31-2024,06-06-2024
829770797,9QUG766,$828.0,09-24-2024,10-03-2024
336905526,BTAS366,$511.0,05-03-2024,05-10-2024
666361831,9NXW107,$276.0,06-30-2024,07-03-2024
291519750,FMJX362,$603.0,04-16-2024,04-25-2024
993928228,DHEG658,$360.0,05-28-2024,06-02-2024
622764931,8BFA966,$648.0,05-22-2024,05-31-2024
269747208,FCKY011,$170.0,08-16-2024,08-18-2024
87629901,FJZR795,$243.0,04-23-2024,04-26-2024
949638040,FOZM670,$292.0,05-10-2024,05-14-2024
273059563,BRUA581,$234.0,09-29-2024,10-02-2024
632552843,DAFB655,$525.0,08-04-2024,08-11-2024
363409618,FVDE771,$249.0,06-19-2024,06-22-2024
685503066,BTPZ494,$640.0,08-25-2024,09-02-2024
87629901,ERSM965,$395.0,07-04-2024,07-09-2024
90345877,BVYQ198,$160.0,09-18-2024,09-20-2024
648851830,DHDA446,$570.0,08-28-2024,09-03-2024
808894320,FJZR795,$567.0,07-10-2024,07-17-2024
874511732,EFSW689,$249.0,08-27-2024,08-30-2024
175935213,BSSK021,$360.0,07-23-2024,07-27-2024
363757323,FXDM421,$164.0,05-07-2024,05-09-2024
782862846,CVIA560,$438.0,08-06-2024,08-12-2024
406700856,DETW097,$486.0,05-24-2024,05-30-2024
885162558,DBKD176,$204.0,05-15-2024,05-18-2024
753068911,CUXS961,$560.0,05-05-2024,05-13-2024
513494803,CHGT736,$312.0,05-04-2024,05-08-2024
299700131,BEGX199,$204.0,10-06-2024,10-09-2024
955909138,8YYA881,$320.0,09-08-2024,09-12-2024
530033123,BZBS962,$616.0,05-10-2024,05-18-2024
134518861,FACF408,$584.0,08-05-2024,08-13-2024
336905526,CUOC036,$400.0,10-04-2024,10-09-2024
430273332,ECUK231,$243.0,04-23-2024,04-26-2024
80397217,FIFH236,$332.0,09-06-2024,09-10-2024
111324434,CVIA560,$219.0,09-21-2024,09-24-2024
367015583,9LDY774,$497.0,08-31-2024,09-07-2024
434552769,AYLI330,$455.0,09-11-2024,09-18-2024
471564814,DJIA268,$352.0,09-15-2024,09-19-2024
650141573,CPQX649,$360.0,07-27-2024,08-01-2024
179925221,DUTM533,$511.0,09-22-2024,09-29-2024
76325232,8NBL948,$146.0,04-12-2024,04-14-2024
605771361,9GMA719,$600.0,06-03-2024,06-11-2024
126460203,9QDF573,$410.0,09-06-2024,09-11-2024
776057912,CKSX150,$595.0,09-22-2024,09-29-2024
937272882,BCPX693,$855.0,06-26-2024,07-05-2024
705329700,9PLN751,$632.0,04-30-2024,05-08-2024
666361831,CEQG495,$213.0,06-20-2024,06-23-2024
911876854,7RAV513,$198.0,09-23-2024,09-26-2024
862507606,EXJE614,$138.0,09-13-2024,09-15-2024
64543866,CIVB005,$268.0,08-31-2024,09-04-2024
248384166,AGOF400,$600.0,09-15-2024,09-21-2024
35674385,AIHE645,$602.0,07-17-2024,07-24-2024
175935213,CKGD056,$267.0,06-03-2024,06-06-2024
87629901,EKAD899,$375.0,06-26-2024,07-01-2024
369027919,FLGB043,$608.0,06-15-2024,06-23-2024
912241333,BBPJ356,$172.0,08-07-2024,08-09-2024
697866014,8FOS700,$324.0,08-03-2024,08-07-2024
911876854,BPTB674,$539.0,06-13-2024,06-20-2024
521897428,9GGX082,$720.0,09-25-2024,10-03-2024
350930926,DQTM478,$819.0,05-20-2024,05-29-2024
596142908,EXJE614,$414.0,05-30-2024,06-05-2024
725335620,8BFA966,$504.0,06-10-2024,06-17-2024
67767737,FOPO024,$243.0,06-01-2024,06-04-2024
416592246,AURV538,$345.0,04-27-2024,05-02-2024
823967817,7JNY662,$819.0,07-09-2024,07-18-2024
761529479,EUYM215,$260.0,05-20-2024,05-24-2024
782136355,FXVO520,$222.0,07-09-2024,07-12-2024
680106180,7APQ319,$324.0,07-02-2024,07-06-2024
136724904,DTYU744,$243.0,05-21-2024,05-24-2024
320644673,7BZR737,$756.0,07-06-2024,07-15-2024
369027919,AWAS323,$492.0,09-09-2024,09-15-2024
84574353,9QKS144,$648.0,09-01-2024,09-10-2024
109379709,CWRF435,$675.0,05-17-2024,05-26-2024
843845289,BZBS962,$231.0,06-16-2024,06-19-2024
321316431,FCKY011,$170.0,08-30-2024,09-01-2024
165200085,ECUK231,$648.0,09-28-2024,10-06-2024
321316431,CDPL309,$460.0,05-17-2024,05-22-2024
912241333,9NXW107,$828.0,07-09-2024,07-18-2024
299700131,BPTB674,$616.0,09-15-2024,09-23-2024
596142908,COCH580,$729.0,05-28-2024,06-06-2024
971613092,AURV538,$414.0,09-20-2024,09-26-2024
745253651,BBPJ356,$430.0,10-02-2024,10-07-2024
291519750,AERT456,$518.0,08-27-2024,09-03-2024
632552843,AWAS323,$246.0,07-03-2024,07-06-2024
725335620,CJNZ445,$744.0,05-09-2024,05-17-2024
400046743,DTYU744,$567.0,04-20-2024,04-27-2024
175935213,AACU839,$340.0,04-16-2024,04-21-2024
741962683,BTAS366,$438.0,07-23-2024,07-29-2024
979725382,DUTM533,$511.0,04-14-2024,04-21-2024
545043561,EFSW689,$664.0,10-07-2024,10-15-2024
367015583,FECO336,$380.0,07-16-2024,07-20-2024
297698304,7XYE541,$204.0,10-08-2024,10-11-2024
862507606,EFKZ396,$465.0,06-26-2024,07-01-2024
76325232,FSTD820,$528.0,07-27-2024,08-02-2024
488261289,FASB691,$470.0,07-05-2024,07-10-2024
648851830,CAVE560,$702.0,05-16-2024,05-25-2024
986144404,7JNY662,$819.0,04-27-2024,05-06-2024
868078333,AFBB735,$536.0,08-09-2024,08-17-2024
754663999,8BFA966,$288.0,05-16-2024,05-20-2024
850776163,DAGU445,$375.0,10-05-2024,10-10-2024
24050276,CSWJ881,$268.0,05-11-2024,05-15-2024
663213752,DUTM533,$438.0,07-06-2024,07-12-2024
874511732,AYLI330,$455.0,06-04-2024,06-11-2024
199351440,DPSQ669,$855.0,08-27-2024,09-05-2024
823967817,7JNY662,$364.0,05-06-2024,05-10-2024
614713911,BIME522,$288.0,06-24-2024,06-28-2024
530103853,AAAG831,$711.0,06-13-2024,06-22-2024
882035268,ALAS103,$195.0,09-27-2024,09-30-2024
776057912,ABNB728,$490.0,08-03-2024,08-10-2024
885162558,FTOZ876,$657.0,07-11-2024,07-20-2024
434552769,9UGM753,$148.0,08-16-2024,08-18-2024
543634277,8FOS700,$405.0,07-22-2024,07-27-2024
320644673,DETW097,$243.0,08-09-2024,08-12-2024
320644673,CAVE560,$156.0,09-05-2024,09-07-2024
823967817,ANWR021,$640.0,04-21-2024,04-29-2024
87629901,FZOI621,$532.0,06-10-2024,06-17-2024
788912809,8BFA966,$144.0,07-04-2024,07-06-2024
697866014,COCH580,$729.0,07-22-2024,07-31-2024
799473177,BLNV438,$166.0,04-28-2024,04-30-2024
685503066,DHDA446,$855.0,07-26-2024,08-04-2024
273059563,FCKY011,$425.0,05-23-2024,05-28-2024
204457426,ALAS103,$390.0,06-27-2024,07-03-2024
648851830,9AKY673,$273.0,06-10-2024,06-13-2024
291519750,BMXI972,$150.0,08-23-2024,08-25-2024
986144404,AVYE338,$243.0,08-08-2024,08-11-2024
605771361,7APQ319,$567.0,09-10-2024,09-17-2024
650141573,7APQ319,$324.0,09-22-2024,09-26-2024
622764931,AALF742,$801.0,09-29-2024,10-08-2024
297698304,FCKY011,$255.0,06-07-2024,06-10-2024
673848580,BJXF302,$364.0,05-31-2024,06-04-2024
96275268,7TIZ223,$801.0,07-13-2024,07-22-2024
745253651,BVYQ198,$160.0,06-16-2024,06-18-2024
35525525,CHGT736,$468.0,09-03-2024,09-09-2024
170334582,DKUW744,$873.0,06-13-2024,06-22-2024
907155947,AGOF400,$200.0,04-10-2024,04-12-2024
940813921,AURV538,$276.0,05-31-2024,06-04-2024
799473177,BIME522,$504.0,07-31-2024,08-07-2024
87629901,CUPZ257,$350.0,04-12-2024,04-17-2024
882035268,DXFH334,$308.0,09-03-2024,09-07-2024
808894320,CLWM859,$188.0,06-19-2024,06-21-2024
655669704,9VQH926,$300.0,07-10-2024,07-14-2024
281206208,9QDF573,$656.0,06-03-2024,06-11-2024
783202995,ARKW693,$255.0,08-29-2024,09-01-2024
602073741,DUTM533,$657.0,09-22-2024,10-01-2024
170334582,CVIA560,$511.0,08-31-2024,09-07-2024
808894320,EEYC334,$648.0,05-20-2024,05-29-2024
530033123,AWAS323,$410.0,06-14-2024,06-19-2024
782136355,DQTM478,$728.0,07-23-2024,07-31-2024
273059563,ABOA076,$644.0,04-19-2024,04-26-2024
404572360,7PUF483,$332.0,08-26-2024,08-30-2024
697866014,BTPZ494,$160.0,09-16-2024,09-18-2024
248384166,FQNS808,$340.0,09-28-2024,10-03-2024
404572360,BXGG029,$225.0,07-14-2024,07-17-2024
885162558,AAAG831,$316.0,08-02-2024,08-06-2024
350930926,7BZR737,$336.0,09-19-2024,09-23-2024
572142812,EIPC822,$174.0,05-03-2024,05-05-2024
331456401,9DLE883,$288.0,05-03-2024,05-07-2024
553292040,ARKW693,$595.0,07-29-2024,08-05-2024
829770797,7RAV513,$594.0,07-16-2024,07-25-2024
543634277,BAEK818,$855.0,09-24-2024,10-03-2024
823967817,FQNS808,$136.0,09-22-2024,09-24-2024
87629901,EEYC334,$648.0,09-15-2024,09-24-2024
151308019,AFGY643,$729.0,04-25-2024,05-04-2024
530033123,CUPZ257,$140.0,08-17-2024,08-19-2024
967520804,DBKD176,$136.0,08-25-2024,08-27-2024
874511732,CVLY172,$594.0,09-13-2024,09-22-2024
783202995,EIEP639,$225.0,08-08-2024,08-11-2024
491626043,FYWL335,$170.0,08-28-2024,08-30-2024
596142908,DPSQ669,$570.0,09-15-2024,09-21-2024
826293402,BZBS962,$308.0,05-01-2024,05-05-2024
179925221,7NRN364,$270.0,09-15-2024,09-18-2024
986144404,BCPX693,$475.0,04-12-2024,04-17-2024
547754654,9VQH926,$600.0,09-28-2024,10-06-2024
279866029,AACU839,$204.0,09-20-2024,09-23-2024
745253651,BGSO491,$222.0,05-22-2024,05-25-2024
406700856,FTOZ876,$365.0,10-08-2024,10-13-2024
602073741,AEIK122,$243.0,06-05-2024,06-08-2024
349485031,7XMA659,$344.0,07-10-2024,07-14-2024
273059563,7RAV513,$396.0,06-13-2024,06-19-2024
951603713,BLNV438,$415.0,09-15-2024,09-20-2024
449946739,9AKY673,$637.0,06-24-2024,07-01-2024
320644673,COCH580,$243.0,07-25-2024,07-28-2024
469100413,CIOD016,$415.0,09-27-2024,10-02-2024
296512984,CKGD056,$356.0,06-25-2024,06-29-2024
452907250,8FOS700,$486.0,07-08-2024,07-14-2024
296964710,DHDA446,$380.0,08-15-2024,08-19-2024
971037928,9QKS144,$216.0,08-14-2024,08-17-2024
753068911,BNNS431,$207.0,07-30-2024,08-02-2024
452907250,BRUA581,$468.0,08-25-2024,08-31-2024
715206377,FLGB043,$684.0,06-04-2024,06-13-2024
363409618,FXAH145,$672.0,05-22-2024,05-29-2024
30276814,ABNB728,$350.0,09-27-2024,10-02-2024
170334582,BKWZ479,$405.0,09-26-2024,10-01-2024
955909138,7YXK597,$765.0,07-23-2024,08-01-2024
404572360,FASB691,$282.0,09-21-2024,09-24-2024
84574353,CJNZ445,$558.0,07-06-2024,07-12-2024
134518861,BEGX199,$612.0,07-09-2024,07-18-2024
552453893,DBKD176,$476.0,06-03-2024,06-10-2024
406700856,EFKZ396,$186.0,05-10-2024,05-12-2024
753068911,EIPC822,$261.0,07-02-2024,07-05-2024
799473177,FXKY378,$465.0,05-29-2024,06-03-2024
728898444,EFSW689,$415.0,09-22-2024,09-27-2024
719210251,FVDE771,$664.0,07-30-2024,08-07-2024
479091868,FQNS808,$272.0,09-23-2024,09-27-2024
430273332,EJUY495,$332.0,06-28-2024,07-02-2024
416592246,7HOG319,$207.0,06-22-2024,06-25-2024
170334582,BXGG029,$450.0,06-04-2024,06-10-2024
400046743,ECKQ693,$576.0,06-23-2024,07-01-2024
530103853,7APQ319,$486.0,07-03-2024,07-09-2024
607091798,7KKX458,$728.0,05-28-2024,06-05-2024
369027919,CPQX649,$432.0,07-01-2024,07-07-2024
843845289,ECKQ693,$432.0,06-08-2024,06-14-2024
521897428,BUCH439,$736.0,09-17-2024,09-25-2024
677598598,DAGR448,$166.0,04-20-2024,04-22-2024
632552843,FLGB043,$380.0,06-13-2024,06-18-2024
743302374,9WIQ781,$602.0,05-30-2024,06-06-2024
386172011,8ZWL729,$400.0,10-03-2024,10-08-2024
513494803,ABME422,$765.0,06-12-2024,06-21-2024
547754654,AGOF400,$200.0,07-29-2024,07-31-2024
782862846,7KOZ930,$675.0,08-08-2024,08-17-2024
823967817,BUCH439,$276.0,07-28-2024,07-31-2024
279866029,BTAS366,$511.0,08-25-2024,09-01-2024
971037928,EQON256,$621.0,05-16-2024,05-25-2024
256033486,ECUK231,$405.0,05-15-2024,05-20-2024
912241333,EAUA751,$372.0,08-25-2024,08-29-2024
662240605,DHDA446,$665.0,04-17-2024,04-24-2024
648851830,AERT456,$444.0,05-04-2024,05-10-2024
596142908,9AKY673,$819.0,04-29-2024,05-08-2024
151308019,7BSC477,$492.0,06-20-2024,06-26-2024
440914226,EGHC643,$760.0,06-09-2024,06-17-2024
331456401,CPQC394,$616.0,06-19-2024,06-26-2024
615007343,EFKZ396,$465.0,06-30-2024,07-05-2024
788912809,CLWM859,$282.0,06-04-2024,06-07-2024
406949556,BAEK818,$285.0,08-24-2024,08-27-2024
530103853,8SMG077,$225.0,07-11-2024,07-14-2024
655669704,FMJX362,$201.0,06-21-2024,06-24-2024
35674385,FJZR795,$729.0,09-26-2024,10-05-2024
401456762,FUXJ974,$213.0,08-13-2024,08-16-2024
24050276,DKIJ782,$630.0,07-26-2024,08-04-2024
281206208,BZBS962,$616.0,09-24-2024,10-02-2024
808894320,8KPH461,$621.0,08-31-2024,09-09-2024
666361831,ERSM965,$711.0,07-14-2024,07-23-2024
367015583,9WHO625,$170.0,08-15-2024,08-17-2024
170704074,FXAH145,$672.0,07-24-2024,07-31-2024
134518861,DKIJ782,$140.0,08-24-2024,08-26-2024
526729019,FJZR795,$567.0,05-09-2024,05-16-2024
602073741,DIMM313,$760.0,05-22-2024,05-30-2024
536881306,AUWR734,$375.0,08-18-2024,08-23-2024
780305481,AAAG831,$553.0,08-15-2024,08-22-2024
469100413,BLNV438,$581.0,08-28-2024,09-04-2024
940813921,AWAS323,$328.0,07-25-2024,07-29-2024
163603617,8YYA881,$320.0,07-08-2024,07-12-2024
572142812,FECO336,$285.0,09-14-2024,09-17-2024
299793443,FOZM670,$365.0,07-30-2024,08-04-2024
993928228,AYLI330,$390.0,05-25-2024,05-31-2024
751090680,7XMA659,$344.0,06-24-2024,06-28-2024
552453893,DAGU445,$600.0,05-18-2024,05-26-2024
400046743,ABME422,$255.0,09-11-2024,09-14-2024
553292040,DPSQ669,$285.0,10-07-2024,10-10-2024
475024229,BCPX693,$665.0,06-20-2024,06-27-2024
607091798,9AKY673,$728.0,05-22-2024,05-30-2024
321316431,CIOD016,$498.0,06-05-2024,06-11-2024
305834588,ERLB360,$225.0,09-22-2024,09-25-2024
416592246,AVYE338,$162.0,08-09-2024,08-11-2024
661449798,EAUA751,$558.0,05-01-2024,05-07-2024
316650263,CEQG495,$497.0,04-13-2024,04-20-2024
909455043,DYDO149,$160.0,04-21-2024,04-23-2024
843845289,9LDY774,$213.0,08-29-2024,09-01-2024
430273332,DYDO149,$720.0,08-18-2024,08-27-2024
622764931,9GGX082,$810.0,07-06-2024,07-15-2024
475024229,EXJE614,$483.0,08-11-2024,08-18-2024
299793443,9VQH926,$675.0,07-12-2024,07-21-2024
617080020,CDPL309,$368.0,05-14-2024,05-18-2024
608597641,EQXI374,$340.0,08-18-2024,08-22-2024
163929070,DVFL170,$350.0,05-25-2024,05-30-2024
916150002,7HOG319,$483.0,08-06-2024,08-13-2024
543634277,EFKZ396,$279.0,09-04-2024,09-07-2024
826293402,CHGT736,$234.0,06-11-2024,06-14-2024
87629901,BEDA260,$150.0,09-13-2024,09-15-2024
406949556,DHDA446,$380.0,08-27-2024,08-31-2024
299700131,CUOC036,$240.0,04-24-2024,04-27-2024
725335620,EIPC822,$261.0,05-28-2024,05-31-2024
469100413,DAGU445,$525.0,06-16-2024,06-23-2024
776057912,BJXF302,$455.0,09-14-2024,09-19-2024
35955195,CDPL309,$644.0,08-06-2024,08-13-2024
434552769,8BFA966,$504.0,08-26-2024,09-02-2024
580030853,DTYU744,$729.0,05-31-2024,06-09-2024
632552843,7EUD514,$420.0,08-30-2024,09-04-2024
35955195,CUOC036,$720.0,06-03-2024,06-12-2024
119278408,DPSQ669,$855.0,05-24-2024,06-02-2024
783202995,DJIA268,$528.0,04-23-2024,04-29-2024
909455043,AACU839,$476.0,06-30-2024,07-07-2024
909455043,7APQ319,$243.0,04-10-2024,04-13-2024
907155947,BLNV438,$581.0,04-29-2024,05-06-2024
430273332,BEGX199,$136.0,07-15-2024,07-17-2024
279866029,EWHA995,$190.0,04-23-2024,04-25-2024
296964710,AUWR734,$300.0,08-11-2024,08-15-2024
349485031,FMJX362,$603.0,07-18-2024,07-27-2024
782862846,APAR210,$594.0,08-05-2024,08-14-2024
868078333,COGW723,$144.0,05-28-2024,05-30-2024
632552843,9NKB631,$426.0,07-12-2024,07-18-2024
80397217,BEDA260,$300.0,04-12-2024,04-16-2024
741962683,EEYC334,$576.0,05-28-2024,06-05-2024
536881306,DBKD176,$272.0,06-23-2024,06-27-2024
909455043,CEQG495,$639.0,06-13-2024,06-22-2024
608597641,FSTD820,$352.0,07-30-2024,08-03-2024
872776131,EIEP639,$450.0,09-23-2024,09-29-2024
199351440,BSSK021,$540.0,06-15-2024,06-21-2024
547754654,8NBL948,$365.0,04-26-2024,05-01-2024
719210251,9LDY774,$568.0,05-14-2024,05-22-2024
35674385,FYWL335,$170.0,10-01-2024,10-03-2024
80397217,BVYQ198,$480.0,09-14-2024,09-20-2024
697866014,FUXJ974,$355.0,05-16-2024,05-21-2024
363757323,DHEG658,$648.0,08-25-2024,09-03-2024
608597641,ARKW693,$595.0,05-27-2024,06-03-2024
138707422,CIOD016,$664.0,05-04-2024,05-12-2024
471564814,7TIZ223,$445.0,06-14-2024,06-19-2024
321316431,AGOF400,$800.0,04-18-2024,04-26-2024
782136355,DJIA268,$440.0,09-04-2024,09-09-2024
430273332,AFBB735,$469.0,06-30-2024,07-07-2024
882035268,EAUA751,$558.0,07-09-2024,07-15-2024
754663999,EEYC334,$360.0,09-20-2024,09-25-2024
336905526,BSLQ234,$456.0,05-06-2024,05-12-2024
622764931,ANWR021,$560.0,05-20-2024,05-27-2024
289623324,FLGB043,$228.0,07-25-2024,07-28-2024
35674385,9LDY774,$568.0,08-12-2024,08-20-2024
35955195,FZOI621,$532.0,07-05-2024,07-12-2024
617080020,8WGN017,$365.0,07-12-2024,07-17-2024
606059082,7DMP066,$324.0,09-01-2024,09-05-2024
782862846,BJXF302,$364.0,07-07-2024,07-11-2024
596142908,EFSW689,$664.0,08-21-2024,08-29-2024
462964934,CYAJ505,$255.0,09-26-2024,09-29-2024
882035268,BPTB674,$308.0,05-20-2024,05-24-2024
823967817,AAAG831,$553.0,08-26-2024,09-02-2024
248384166,7RAV513,$396.0,06-27-2024,07-03-2024
585673420,BSSK021,$720.0,06-30-2024,07-08-2024
650279219,BGSO491,$296.0,05-12-2024,05-16-2024
204457426,9AKY673,$182.0,08-29-2024,08-31-2024
596142908,9LDY774,$142.0,05-29-2024,05-31-2024
406949556,BEGX199,$272.0,07-10-2024,07-14-2024
30276814,9QDF573,$574.0,07-11-2024,07-18-2024
843845289,EQON256,$621.0,04-11-2024,04-20-2024
449946739,FCTZ147,$375.0,05-07-2024,05-12-2024
67767737,FCTZ147,$675.0,04-20-2024,04-29-2024
872776131,BAOY441,$612.0,07-09-2024,07-18-2024
448207364,FTOZ876,$584.0,06-09-2024,06-17-2024
296512984,DAFB655,$375.0,06-04-2024,06-09-2024
868078333,CIOD016,$332.0,06-07-2024,06-11-2024
782862846,FVDE771,$166.0,09-24-2024,09-26-2024
617080020,9GGX082,$720.0,04-18-2024,04-26-2024
784629838,DAGR448,$415.0,05-23-2024,05-28-2024
163603617,BMXI972,$225.0,10-09-2024,10-12-2024
780305481,BBJK185,$170.0,05-19-2024,05-21-2024
90345877,AIHE645,$602.0,06-29-2024,07-06-2024
29412479,CEQG495,$426.0,07-17-2024,07-23-2024
650729406,7APQ319,$486.0,06-11-2024,06-17-2024
862507606,FTOZ876,$511.0,10-08-2024,10-15-2024
949638040,EFSW689,$747.0,10-03-2024,10-12-2024
270236027,7DMP066,$162.0,06-26-2024,06-28-2024
788912809,BLOD776,$134.0,08-11-2024,08-13-2024
993928228,FXAH145,$288.0,07-22-2024,07-25-2024
655669704,AIHE645,$602.0,08-18-2024,08-25-2024
993042465,9WIQ781,$602.0,05-24-2024,05-31-2024
462964934,EJUY495,$415.0,08-29-2024,09-03-2024
728898444,BPTB674,$308.0,04-28-2024,05-02-2024
955909138,DUTM533,$438.0,06-05-2024,06-11-2024
615007343,ABNB728,$420.0,04-17-2024,04-23-2024
650729406,DJIA268,$528.0,08-09-2024,08-15-2024
619352328,EUYM215,$455.0,08-21-2024,08-28-2024
513494803,FHTG866,$249.0,05-28-2024,05-31-2024
862507606,7PUF483,$664.0,06-13-2024,06-21-2024
479091868,CAVE560,$702.0,05-14-2024,05-23-2024
448207364,9UIY476,$476.0,05-07-2024,05-14-2024
291519750,9WHO625,$510.0,10-09-2024,10-15-2024
291519750,FXVO520,$592.0,09-06-2024,09-14-2024
111324434,EAUA751,$465.0,08-09-2024,08-14-2024
829770797,AWAS323,$738.0,04-26-2024,05-05-2024
452907250,9QDF573,$656.0,08-21-2024,08-29-2024
35955195,9WHO625,$595.0,06-20-2024,06-27-2024
840338406,FTOZ876,$657.0,07-04-2024,07-13-2024
783202995,CZPA102,$195.0,08-22-2024,08-25-2024
530103853,7TIZ223,$356.0,05-19-2024,05-23-2024
174538441,9DLE883,$144.0,08-18-2024,08-20-2024
27621585,BAOY441,$136.0,08-11-2024,08-13-2024
163929070,BPTB674,$154.0,07-03-2024,07-05-2024
685503066,EJUY495,$415.0,07-31-2024,08-05-2024
513494803,BPFZ992,$332.0,05-31-2024,06-04-2024
388614881,EQON256,$138.0,04-27-2024,04-29-2024
305834588,CUPZ257,$630.0,07-18-2024,07-27-2024
666361831,9NXW107,$276.0,07-31-2024,08-03-2024
41111373,CKSX150,$340.0,09-30-2024,10-04-2024
677598598,BPFZ992,$166.0,10-06-2024,10-08-2024
33601814,8WGN017,$657.0,06-22-2024,07-01-2024
971613092,7APQ319,$567.0,08-11-2024,08-18-2024
448207364,APAR210,$198.0,06-22-2024,06-25-2024
475024229,9QDF573,$410.0,05-31-2024,06-05-2024
481559250,9UGM753,$296.0,09-01-2024,09-05-2024
537754808,7SRV090,$336.0,05-27-2024,05-31-2024
163603617,BIME522,$504.0,04-17-2024,04-24-2024
204457426,9WHO625,$170.0,08-20-2024,08-22-2024
491626043,EKAD899,$600.0,09-08-2024,09-16-2024
129566572,8ZWL729,$320.0,05-07-2024,05-11-2024
76325232,FLGB043,$380.0,06-29-2024,07-04-2024
51513365,7APQ319,$648.0,05-16-2024,05-24-2024
607091798,ALAS103,$130.0,07-28-2024,07-30-2024
751090680,CJNZ445,$558.0,09-25-2024,10-01-2024
170704074,FOPO024,$243.0,06-15-2024,06-18-2024
452907250,BLNV438,$581.0,07-07-2024,07-14-2024
677598598,FQNS808,$544.0,04-14-2024,04-22-2024
305834588,EEYC334,$360.0,09-30-2024,10-05-2024
526729019,CUXS961,$350.0,09-12-2024,09-17-2024
596142908,8BFA966,$288.0,06-21-2024,06-25-2024
782862846,9NGO556,$680.0,09-14-2024,09-22-2024
552453893,AIHE645,$774.0,08-01-2024,08-10-2024
469100413,BSLQ234,$152.0,06-02-2024,06-04-2024
170334582,AYLI330,$520.0,07-12-2024,07-20-2024
782136355,FUXJ974,$568.0,05-13-2024,05-21-2024
452907250,AACU839,$136.0,07-27-2024,07-29-2024
279866029,9NXW107,$276.0,08-09-2024,08-12-2024
780305481,DHDA446,$285.0,06-06-2024,06-09-2024
30276814,FTOZ876,$657.0,07-24-2024,08-02-2024
41111373,FLGB043,$380.0,06-27-2024,07-02-2024
526729019,DAGR448,$664.0,08-25-2024,09-02-2024
615007343,7NRN364,$720.0,06-15-2024,06-23-2024
882035268,CVIA560,$219.0,08-29-2024,09-01-2024
279866029,7DMP066,$648.0,06-24-2024,07-02-2024
680106180,9PLN751,$237.0,07-30-2024,08-02-2024
949638040,ALAS103,$195.0,08-03-2024,08-06-2024
743302374,BVYQ198,$400.0,09-24-2024,09-29-2024
882035268,APAR210,$198.0,06-28-2024,07-01-2024
475024229,8KPH461,$621.0,08-25-2024,09-03-2024
761529479,ECUK231,$324.0,06-06-2024,06-10-2024
543634277,EQON256,$552.0,05-02-2024,05-10-2024
572142812,BDDH581,$370.0,05-25-2024,05-30-2024
143051701,DUTM533,$292.0,10-04-2024,10-08-2024
826293402,AALF742,$356.0,08-17-2024,08-21-2024
725335620,BPTB674,$154.0,07-20-2024,07-22-2024
51513365,FOZM670,$146.0,08-11-2024,08-13-2024
829770797,BNNS431,$138.0,05-12-2024,05-14-2024
843845289,ABME422,$340.0,04-26-2024,04-30-2024
372987728,EUYM215,$325.0,09-30-2024,10-05-2024
545043561,EQXI374,$510.0,05-24-2024,05-30-2024
563745302,EEYC334,$216.0,09-14-2024,09-17-2024
24050276,CIOD016,$249.0,09-12-2024,09-15-2024
912241333,AALF742,$445.0,08-06-2024,08-11-2024
909455043,CPII222,$272.0,09-10-2024,09-14-2024
648851830,EIPC822,$174.0,06-01-2024,06-03-2024
80397217,FTMA717,$522.0,04-22-2024,04-28-2024
35525525,DKUW744,$873.0,06-21-2024,06-30-2024
955909138,CKGD056,$534.0,07-15-2024,07-21-2024
349485031,AEIK122,$486.0,09-27-2024,10-03-2024
776057912,AGOF400,$300.0,07-17-2024,07-20-2024
955909138,AVYE338,$243.0,08-15-2024,08-18-2024
416592246,FOZM670,$146.0,07-04-2024,07-06-2024
967520804,ARKW693,$595.0,09-11-2024,09-18-2024
248384166,DIMM313,$190.0,08-07-2024,08-09-2024
297698304,AFDM005,$237.0,09-19-2024,09-22-2024
291519750,CUXS961,$560.0,05-07-2024,05-15-2024
875120312,DONX147,$225.0,04-15-2024,04-18-2024
488261289,BCPX693,$760.0,05-30-2024,06-07-2024
471564814,BNNS431,$483.0,06-17-2024,06-24-2024
297698304,FTOZ876,$438.0,08-01-2024,08-07-2024
111324434,9UIY476,$272.0,08-08-2024,08-12-2024
630415903,FXAH145,$384.0,07-03-2024,07-07-2024
664492907,ABME422,$510.0,08-09-2024,08-15-2024
843845289,8YYA881,$320.0,06-10-2024,06-14-2024
547754654,BSSK021,$270.0,09-13-2024,09-16-2024
911876854,AFDM005,$553.0,07-16-2024,07-23-2024
179925221,AIHE645,$602.0,07-12-2024,07-19-2024
388614881,FJZR795,$729.0,04-30-2024,05-09-2024
360512733,9NGO556,$340.0,07-19-2024,07-23-2024
321316431,EFSW689,$581.0,08-10-2024,08-17-2024
993928228,BBPJ356,$344.0,05-19-2024,05-23-2024
430273332,CSWJ881,$335.0,09-18-2024,09-23-2024
475024229,ALAS103,$585.0,07-25-2024,08-03-2024
406949556,CWRF435,$225.0,07-03-2024,07-06-2024
580030853,7SRV090,$252.0,05-24-2024,05-27-2024
609143061,AURV538,$483.0,06-07-2024,06-14-2024
715206377,BJXF302,$455.0,06-05-2024,06-10-2024
129566572,ERLB360,$150.0,08-08-2024,08-10-2024
204457426,DNCG244,$352.0,08-12-2024,08-16-2024
536881306,CUPZ257,$210.0,09-18-2024,09-21-2024
349485031,BKWZ479,$486.0,04-27-2024,05-03-2024
980048683,EEYC334,$576.0,08-16-2024,08-24-2024
596142908,BAOY441,$408.0,05-22-2024,05-28-2024
530033123,7YXK597,$340.0,08-14-2024,08-18-2024
497630591,8ZWL729,$160.0,07-19-2024,07-21-2024
666361831,FXKY378,$186.0,05-23-2024,05-25-2024
614713911,BOJT136,$810.0,09-07-2024,09-16-2024
530103853,DAGR448,$249.0,06-12-2024,06-15-2024
609143061,BRUA581,$468.0,08-17-2024,08-23-2024
109379709,BGSO491,$666.0,08-06-2024,08-15-2024
126460203,DJIA268,$528.0,06-06-2024,06-12-2024
780305481,9WHO625,$595.0,06-27-2024,07-04-2024
614713911,CLWM859,$846.0,08-21-2024,08-30-2024
281206208,9GGX082,$450.0,07-08-2024,07-13-2024
605771361,CHGT736,$546.0,05-18-2024,05-25-2024
986144404,APAR210,$462.0,08-20-2024,08-27-2024
650141573,AIHE645,$258.0,05-09-2024,05-12-2024
406700856,FXKY378,$186.0,06-16-2024,06-18-2024
360512733,9WIQ781,$172.0,09-27-2024,09-29-2024
406949556,ADZB287,$243.0,08-16-2024,08-19-2024
136724904,7PUF483,$415.0,05-15-2024,05-20-2024
779990783,7XMA659,$774.0,05-18-2024,05-27-2024
519693449,BGSO491,$666.0,05-15-2024,05-24-2024
111324434,CUPZ257,$560.0,04-29-2024,05-07-2024
776057912,7HOG319,$207.0,08-21-2024,08-24-2024
35525525,CIOD016,$581.0,06-03-2024,06-10-2024
840338406,FOZM670,$438.0,05-23-2024,05-29-2024
885162558,BVYQ198,$640.0,07-23-2024,07-31-2024
163929070,8YYA881,$640.0,04-19-2024,04-27-2024
35525525,DIMM313,$475.0,06-17-2024,06-22-2024
296512984,DNCG244,$264.0,05-19-2024,05-22-2024
530033123,CSWJ881,$536.0,07-13-2024,07-21-2024
96275268,7BZR737,$504.0,06-28-2024,07-04-2024
843845289,ALAS103,$195.0,08-05-2024,08-08-2024
349485031,COCH580,$567.0,06-30-2024,07-07-2024
448207364,BNNS431,$483.0,05-31-2024,06-07-2024
971037928,8NMA869,$855.0,09-27-2024,10-06-2024
751090680,DONX147,$450.0,06-14-2024,06-20-2024
728898444,9UIY476,$204.0,05-02-2024,05-05-2024
672974148,BPFZ992,$332.0,07-05-2024,07-09-2024
971613092,FTOZ876,$146.0,07-18-2024,07-20-2024
846025632,BMOV852,$584.0,07-16-2024,07-24-2024
80397217,AFDM005,$158.0,04-26-2024,04-28-2024
129566572,DONX147,$525.0,06-11-2024,06-18-2024
607091798,FQNS808,$612.0,09-16-2024,09-25-2024
697866014,FACF408,$657.0,05-28-2024,06-06-2024
780305481,AACU839,$544.0,09-27-2024,10-05-2024
705329700,EFSW689,$664.0,09-29-2024,10-07-2024
788912809,BXGG029,$375.0,09-06-2024,09-11-2024
256033486,9WIQ781,$688.0,05-11-2024,05-19-2024
163929070,AUWR734,$150.0,07-08-2024,07-10-2024
632552843,CZPA102,$520.0,07-10-2024,07-18-2024
452907250,FXKY378,$186.0,04-15-2024,04-17-2024
782136355,BDDH581,$222.0,05-21-2024,05-24-2024
622764931,9DLE883,$432.0,09-17-2024,09-23-2024
868078333,9VQH926,$600.0,04-18-2024,04-26-2024
440914226,7EUD514,$168.0,04-22-2024,04-24-2024
782862846,FCKY011,$425.0,04-15-2024,04-20-2024
780305481,BEDA260,$450.0,08-18-2024,08-24-2024
519693449,EUWU242,$324.0,09-19-2024,09-23-2024
649772556,DVFL170,$350.0,05-19-2024,05-24-2024
911876854,CWOI888,$560.0,06-19-2024,06-27-2024
537754808,ANWR021,$400.0,06-11-2024,06-16-2024
316650263,CKSX150,$510.0,08-05-2024,08-11-2024
715206377,FXVO520,$518.0,05-12-2024,05-19-2024
129566572,FLGB043,$456.0,06-10-2024,06-16-2024
782862846,DJIA268,$528.0,05-07-2024,05-13-2024
281206208,EUYM215,$585.0,06-22-2024,07-01-2024
868078333,BCPX693,$855.0,09-18-2024,09-27-2024
400046743,7APQ319,$405.0,07-03-2024,07-08-2024
297698304,7APQ319,$243.0,08-13-2024,08-16-2024
662240605,BZBS962,$154.0,05-16-2024,05-18-2024
874511732,CLWM859,$282.0,06-04-2024,06-07-2024
685503066,FJZR795,$567.0,08-11-2024,08-18-2024
204457426,FLGB043,$228.0,05-08-2024,05-11-2024
547754654,BMOV852,$292.0,07-02-2024,07-06-2024
872776131,DXFH334,$231.0,09-12-2024,09-15-2024
783202995,8NBL948,$365.0,09-30-2024,10-05-2024
673848580,FMJX362,$134.0,08-16-2024,08-18-2024
80397217,BGSO491,$518.0,08-28-2024,09-04-2024
90345877,AGOF400,$200.0,07-23-2024,07-25-2024
788912809,8YYA881,$640.0,05-02-2024,05-10-2024
572142812,BAEK818,$665.0,06-17-2024,06-24-2024
279866029,ERSM965,$553.0,07-06-2024,07-13-2024
780305481,AFDM005,$632.0,06-27-2024,07-05-2024
281206208,DBKD176,$544.0,09-30-2024,10-08-2024
526729019,EBXF566,$396.0,05-15-2024,05-21-2024
585673420,CJNZ445,$372.0,04-28-2024,05-02-2024
940813921,7EUD514,$420.0,06-29-2024,07-04-2024
649772556,FMJX362,$134.0,08-10-2024,08-12-2024
35955195,ABME422,$595.0,08-29-2024,09-05-2024
521897428,ALAS103,$130.0,09-02-2024,09-04-2024
360512733,7RAV513,$528.0,07-23-2024,07-31-2024
80397217,FMJX362,$603.0,09-08-2024,09-17-2024
479091868,FYWL335,$680.0,06-06-2024,06-14-2024
862507606,ALAS103,$195.0,07-25-2024,07-28-2024
29412479,DAGU445,$675.0,05-15-2024,05-24-2024
64543866,BEDA260,$525.0,06-23-2024,06-30-2024
449946739,AACU839,$340.0,09-18-2024,09-23-2024
30276814,DIMM313,$760.0,08-12-2024,08-20-2024
563745302,AOQA074,$225.0,06-19-2024,06-22-2024
630415903,DUTM533,$511.0,09-01-2024,09-08-2024
87629901,BAEK818,$380.0,06-22-2024,06-26-2024
543634277,FECO336,$760.0,06-07-2024,06-15-2024
725335620,AUWR734,$675.0,06-17-2024,06-26-2024
471564814,DHEG658,$648.0,08-16-2024,08-25-2024
912241333,BEDA260,$300.0,05-14-2024,05-18-2024
320644673,DTYU744,$567.0,07-27-2024,08-03-2024
655669704,BSSK021,$540.0,06-15-2024,06-21-2024
386172011,AUWR734,$675.0,07-06-2024,07-15-2024
614713911,CAVE560,$702.0,05-18-2024,05-27-2024
680106180,FASB691,$752.0,08-18-2024,08-26-2024
553292040,AUWR734,$600.0,04-13-2024,04-21-2024
705329700,EUWU242,$729.0,05-11-2024,05-20-2024
175935213,AFDM005,$711.0,07-14-2024,07-23-2024
536881306,EGHC643,$285.0,09-18-2024,09-21-2024
829770797,APAR210,$198.0,09-12-2024,09-15-2024
951603713,FXDM421,$410.0,08-07-2024,08-12-2024
685503066,DHEG658,$576.0,09-23-2024,10-01-2024
299793443,FYWL335,$680.0,10-06-2024,10-14-2024
363757323,DNCG244,$176.0,10-06-2024,10-08-2024
916638788,EFSW689,$249.0,04-23-2024,04-26-2024
909455043,AFDM005,$474.0,09-02-2024,09-08-2024
163603617,CDPL309,$736.0,08-06-2024,08-14-2024
863887085,BDDH581,$666.0,06-07-2024,06-16-2024
753068911,AFDM005,$237.0,04-14-2024,04-17-2024
296512984,FCKY011,$595.0,05-19-2024,05-26-2024
993928228,9WHO625,$340.0,07-02-2024,07-06-2024
885162558,BRUA581,$312.0,06-24-2024,06-28-2024
725335620,EWHA995,$665.0,09-19-2024,09-26-2024
537754808,DVFL170,$280.0,08-13-2024,08-17-2024
388543883,EFKZ396,$279.0,04-10-2024,04-13-2024
299700131,8YYA881,$640.0,09-09-2024,09-17-2024
782136355,DPSQ669,$570.0,08-19-2024,08-25-2024
151687148,BXGG029,$375.0,08-07-2024,08-12-2024
175935213,FVDE771,$581.0,05-07-2024,05-14-2024
912241333,9NXW107,$828.0,07-16-2024,07-25-2024
497630591,BAEK818,$570.0,07-13-2024,07-19-2024
286498682,BSLQ234,$380.0,06-27-2024,07-02-2024
386172011,9PLN751,$553.0,09-26-2024,10-03-2024
951603713,FECO336,$190.0,09-06-2024,09-08-2024
163603617,DHEG658,$504.0,05-04-2024,05-11-2024
782136355,7HOG319,$138.0,05-30-2024,06-01-2024
316650263,EXJE614,$345.0,04-18-2024,04-23-2024
401456762,7KOZ930,$600.0,04-19-2024,04-27-2024
537754808,DETW097,$729.0,06-28-2024,07-07-2024
993928228,COCH580,$567.0,05-23-2024,05-30-2024
782862846,CJNZ445,$372.0,05-13-2024,05-17-2024
430273332,BTPZ494,$240.0,05-22-2024,05-25-2024
650279219,BMOV852,$584.0,07-09-2024,07-17-2024
30276814,BPFZ992,$581.0,05-19-2024,05-26-2024
126460203,FJZR795,$324.0,09-22-2024,09-26-2024
661449798,EKAD899,$675.0,04-26-2024,05-05-2024
826293402,AACU839,$204.0,08-16-2024,08-19-2024
779990783,DUTM533,$584.0,05-08-2024,05-16-2024
672974148,CWRF435,$375.0,07-07-2024,07-12-2024
850776163,AEIK122,$486.0,09-22-2024,09-28-2024
993928228,7JNY662,$546.0,08-11-2024,08-17-2024
650279219,CEQG495,$639.0,04-23-2024,05-02-2024
784629838,DNCG244,$616.0,05-07-2024,05-14-2024
617080020,ALAS103,$390.0,09-04-2024,09-10-2024
469100413,ABNB728,$350.0,07-12-2024,07-17-2024
605771361,ABME422,$425.0,07-01-2024,07-06-2024
705329700,7NRN364,$450.0,09-13-2024,09-18-2024
745253651,9WHO625,$765.0,06-29-2024,07-08-2024
666361831,BTPZ494,$160.0,07-12-2024,07-14-2024
349485031,FMJX362,$603.0,07-23-2024,08-01-2024
617080020,FOPO024,$648.0,08-28-2024,09-05-2024
519693449,EBXF566,$462.0,06-14-2024,06-21-2024
360512733,DKUW744,$776.0,09-07-2024,09-15-2024
843845289,DPSQ669,$190.0,06-25-2024,06-27-2024
751090680,BJXF302,$364.0,06-05-2024,06-09-2024
673848580,EIEP639,$450.0,06-19-2024,06-25-2024
270236027,CPQX649,$432.0,04-17-2024,04-23-2024
360512733,BBJK185,$680.0,07-18-2024,07-26-2024
526729019,8ZWL729,$480.0,08-29-2024,09-04-2024
715206377,8KPH461,$207.0,06-12-2024,06-15-2024
129566572,DONX147,$675.0,08-25-2024,09-03-2024
401456762,BUCH439,$184.0,06-17-2024,06-19-2024
788912809,FSTD820,$704.0,09-19-2024,09-27-2024
615007343,BAEK818,$475.0,07-02-2024,07-07-2024
440914226,ARKW693,$255.0,08-24-2024,08-27-2024
680106180,CVIA560,$219.0,09-12-2024,09-15-2024
944445298,8BFA966,$288.0,06-11-2024,06-15-2024
725335620,DUTM533,$511.0,05-06-2024,05-13-2024
944445298,BZBS962,$462.0,05-23-2024,05-29-2024
299793443,7JNY662,$728.0,05-28-2024,06-05-2024
648851830,BBPJ356,$258.0,08-09-2024,08-12-2024
204457426,9LCR787,$492.0,04-11-2024,04-17-2024
526729019,DIMM313,$190.0,05-25-2024,05-27-2024
782862846,DETW097,$648.0,09-20-2024,09-28-2024
27621585,9AKY673,$637.0,09-23-2024,09-30-2024
151687148,BXGG029,$225.0,08-09-2024,08-12-2024
87629901,FHTG866,$332.0,08-27-2024,08-31-2024
35955195,7KOZ930,$225.0,05-11-2024,05-14-2024
697866014,FYWL335,$765.0,08-30-2024,09-08-2024
971037928,DIMM313,$475.0,06-28-2024,07-03-2024
199351440,7JNY662,$819.0,08-09-2024,08-18-2024
850776163,ERSM965,$711.0,10-05-2024,10-14-2024
270236027,7SRV090,$252.0,08-20-2024,08-23-2024
316650263,EASB230,$476.0,05-24-2024,05-31-2024
697866014,DAGR448,$166.0,04-17-2024,04-19-2024
563745302,DJIA268,$352.0,04-21-2024,04-25-2024
111324434,BOJT136,$270.0,06-06-2024,06-09-2024
993928228,ERSM965,$237.0,06-28-2024,07-01-2024
725335620,BSSK021,$810.0,06-05-2024,06-14-2024
367015583,FTMA717,$348.0,07-04-2024,07-08-2024
350930926,BAOY441,$476.0,04-25-2024,05-02-2024
256033486,BCPX693,$760.0,09-17-2024,09-25-2024
406700856,ERSM965,$237.0,07-14-2024,07-17-2024
406949556,8NBL948,$657.0,06-18-2024,06-27-2024
572142812,AOQA074,$675.0,08-06-2024,08-15-2024
650279219,CHWK582,$414.0,07-21-2024,07-27-2024
475024229,FQNS808,$136.0,07-24-2024,07-26-2024
863887085,ABOA076,$460.0,08-29-2024,09-03-2024
602073741,CLWM859,$282.0,06-26-2024,06-29-2024
776057912,CKSX150,$510.0,09-08-2024,09-14-2024
951603713,ABOA076,$736.0,06-01-2024,06-09-2024
27621585,DYDO149,$320.0,07-22-2024,07-26-2024
269747208,CEQG495,$426.0,06-12-2024,06-18-2024
630415903,DNCG244,$176.0,05-17-2024,05-19-2024
937272882,CZPA102,$195.0,05-11-2024,05-14-2024
971613092,FCKY011,$170.0,05-25-2024,05-27-2024
782136355,DHEG658,$288.0,08-16-2024,08-20-2024
279866029,CUXS961,$350.0,09-28-2024,10-03-2024
35674385,7KOZ930,$150.0,05-07-2024,05-09-2024
863887085,FJZR795,$243.0,08-10-2024,08-13-2024
666361831,DHDA446,$285.0,07-21-2024,07-24-2024
955909138,DPSQ669,$855.0,05-29-2024,06-07-2024
552453893,7TIZ223,$178.0,09-17-2024,09-19-2024
980048683,ANWR021,$720.0,09-28-2024,10-07-2024
545043561,DUTM533,$657.0,05-29-2024,06-07-2024
754663999,CEQG495,$213.0,05-20-2024,05-23-2024
979725382,BTAS366,$365.0,08-30-2024,09-04-2024
596142908,AGOF400,$300.0,08-07-2024,08-10-2024
448207364,AEIK122,$243.0,07-09-2024,07-12-2024
672974148,FXKY378,$372.0,06-28-2024,07-02-2024
530103853,FCTZ147,$375.0,04-12-2024,04-17-2024
630415903,AFDM005,$632.0,04-11-2024,04-19-2024
907155947,BPFZ992,$415.0,07-21-2024,07-26-2024
609143061,CIVB005,$536.0,09-14-2024,09-22-2024
401456762,FMJX362,$335.0,08-18-2024,08-23-2024
462964934,EQXI374,$255.0,07-06-2024,07-09-2024
980048683,DAFB655,$450.0,07-17-2024,07-23-2024
24050276,FCKY011,$510.0,09-21-2024,09-27-2024
448207364,EGHC643,$285.0,07-27-2024,07-30-2024
440914226,7JNY662,$455.0,04-18-2024,04-23-2024
281206208,8YYA881,$480.0,08-10-2024,08-16-2024
572142812,CYAJ505,$765.0,04-28-2024,05-07-2024
96275268,AERT456,$148.0,04-12-2024,04-14-2024
440914226,ECUK231,$486.0,09-23-2024,09-29-2024
170334582,ADZB287,$567.0,05-29-2024,06-05-2024
449946739,9GMA719,$600.0,06-16-2024,06-24-2024
602073741,CVIA560,$219.0,07-10-2024,07-13-2024
80397217,BDDH581,$296.0,04-13-2024,04-17-2024
406700856,9UIY476,$340.0,09-22-2024,09-27-2024
388543883,BUCH439,$644.0,06-14-2024,06-21-2024
24050276,FTOZ876,$584.0,05-11-2024,05-19-2024
951603713,7SRV090,$168.0,07-31-2024,08-02-2024
320644673,7APQ319,$324.0,04-30-2024,05-04-2024
863887085,BTCI279,$272.0,06-09-2024,06-13-2024
129566572,EUWU242,$243.0,05-14-2024,05-17-2024
916150002,DAGU445,$450.0,07-05-2024,07-11-2024
673848580,CVIA560,$657.0,09-11-2024,09-20-2024
363409618,7BZR737,$420.0,06-06-2024,06-11-2024
788912809,9DLE883,$432.0,06-08-2024,06-14-2024
615007343,9NKB631,$284.0,08-08-2024,08-12-2024
430273332,9WHO625,$510.0,09-05-2024,09-11-2024
685503066,7EUD514,$252.0,06-21-2024,06-24-2024
320644673,DTYU744,$486.0,08-16-2024,08-22-2024
388614881,EJUY495,$415.0,07-04-2024,07-09-2024
951603713,FXDM421,$410.0,09-15-2024,09-20-2024
129566572,8FOS700,$567.0,07-11-2024,07-18-2024
273059563,CVIA560,$292.0,07-18-2024,07-22-2024
741962683,9QUG766,$184.0,08-10-2024,08-12-2024
632552843,DPSQ669,$760.0,10-08-2024,10-16-2024
743302374,FCKY011,$255.0,08-14-2024,08-17-2024
547754654,EQON256,$621.0,04-11-2024,04-20-2024
993042465,8WGN017,$511.0,07-25-2024,08-01-2024
96275268,ANWR021,$720.0,05-16-2024,05-25-2024
829770797,CZPA102,$325.0,06-09-2024,06-14-2024
204457426,FIFH236,$415.0,10-08-2024,10-13-2024
829770797,DTYU744,$567.0,04-22-2024,04-29-2024
401456762,BLOD776,$134.0,07-20-2024,07-22-2024
649772556,BKWZ479,$648.0,05-04-2024,05-12-2024
134518861,EASB230,$136.0,06-14-2024,06-16-2024
780305481,8WGN017,$219.0,08-09-2024,08-12-2024
782862846,CWRF435,$675.0,06-07-2024,06-16-2024
875120312,FCUR408,$296.0,09-04-2024,09-08-2024
632552843,7RAV513,$594.0,10-03-2024,10-12-2024
829770797,AFDM005,$237.0,07-04-2024,07-07-2024
27621585,AIHE645,$602.0,09-01-2024,09-08-2024
788912809,EUYM215,$130.0,10-07-2024,10-09-2024
530033123,COGW723,$576.0,08-04-2024,08-12-2024
138707422,DETW097,$648.0,05-16-2024,05-24-2024
823967817,7BZR737,$756.0,10-03-2024,10-12-2024
552453893,BUCH439,$552.0,06-16-2024,06-22-2024
452907250,9QUG766,$184.0,08-01-2024,08-03-2024
256033486,AACU839,$476.0,05-31-2024,06-07-2024
885162558,FOZM670,$438.0,07-25-2024,07-31-2024
479091868,FOZM670,$146.0,06-23-2024,06-25-2024
179925221,ERLB360,$600.0,10-02-2024,10-10-2024
672974148,BAOY441,$272.0,05-05-2024,05-09-2024
971613092,BLNV438,$332.0,05-19-2024,05-23-2024
782862846,ECUK231,$486.0,08-26-2024,09-01-2024
134518861,FASB691,$470.0,06-27-2024,07-02-2024
41111373,BAOY441,$612.0,09-16-2024,09-25-2024
976465949,AERT456,$518.0,10-02-2024,10-09-2024
475024229,CYAJ505,$340.0,09-18-2024,09-22-2024
607091798,AGOF400,$300.0,05-22-2024,05-25-2024
632552843,DKUW744,$873.0,10-01-2024,10-10-2024
270236027,9LDY774,$497.0,08-26-2024,09-02-2024
316650263,BUCH439,$368.0,04-20-2024,04-24-2024
850776163,8ZWL729,$160.0,04-22-2024,04-24-2024
648851830,7XYE541,$136.0,05-08-2024,05-10-2024
256033486,DTYU744,$486.0,09-07-2024,09-13-2024
204457426,7XMA659,$602.0,07-18-2024,07-25-2024
874511732,APAR210,$528.0,08-19-2024,08-27-2024
336905526,FACF408,$511.0,05-17-2024,05-24-2024
519693449,FLGB043,$684.0,07-04-2024,07-13-2024
87629901,AFDM005,$316.0,07-07-2024,07-11-2024
35525525,FCTZ147,$300.0,07-14-2024,07-18-2024
885162558,BIME522,$288.0,09-21-2024,09-25-2024
151308019,AEIK122,$648.0,08-10-2024,08-18-2024
784629838,BGSO491,$592.0,05-11-2024,05-19-2024
248384166,BNNS431,$276.0,05-05-2024,05-09-2024
650729406,FOZM670,$292.0,08-29-2024,09-02-2024
448207364,9NXW107,$276.0,05-31-2024,06-03-2024
980048683,BNNS431,$276.0,09-03-2024,09-07-2024
782136355,DIMM313,$665.0,05-30-2024,06-06-2024
475024229,7DMP066,$324.0,05-06-2024,05-10-2024
967520804,CAVE560,$234.0,04-13-2024,04-16-2024
452907250,CCDI157,$693.0,06-23-2024,07-02-2024
27621585,7XMA659,$172.0,07-31-2024,08-02-2024
993042465,9LCR787,$738.0,04-22-2024,05-01-2024
401456762,DETW097,$162.0,09-10-2024,09-12-2024
363409618,7RAV513,$396.0,09-02-2024,09-08-2024
400046743,BTCI279,$340.0,06-05-2024,06-10-2024
585673420,FXKY378,$372.0,05-23-2024,05-27-2024
826293402,7NRN364,$450.0,06-29-2024,07-04-2024
648851830,7BZR737,$252.0,04-14-2024,04-17-2024
536881306,CLWM859,$376.0,06-14-2024,06-18-2024
545043561,DPSQ669,$190.0,09-15-2024,09-17-2024
299793443,7JNY662,$546.0,08-30-2024,09-05-2024
622764931,EAUA751,$279.0,09-24-2024,09-27-2024
80397217,CWRF435,$600.0,07-24-2024,08-01-2024
299793443,7XYE541,$340.0,07-01-2024,07-06-2024
35955195,DONX147,$525.0,07-03-2024,07-10-2024
728898444,DETW097,$324.0,05-30-2024,06-03-2024
449946739,DNCG244,$264.0,05-02-2024,05-05-2024
940813921,DONX147,$300.0,04-24-2024,04-28-2024
916638788,7RAV513,$330.0,06-11-2024,06-16-2024
648851830,8FOS700,$729.0,09-08-2024,09-17-2024
273059563,9NXW107,$736.0,07-11-2024,07-19-2024
846025632,9LDY774,$284.0,08-30-2024,09-03-2024
664492907,CUOC036,$560.0,08-30-2024,09-06-2024
705329700,ABOA076,$460.0,07-28-2024,08-02-2024
491626043,FOZM670,$657.0,09-23-2024,10-02-2024
875120312,7DMP066,$486.0,06-19-2024,06-25-2024
753068911,DHDA446,$760.0,09-05-2024,09-13-2024
630415903,EUYM215,$195.0,04-12-2024,04-15-2024
875120312,AFDM005,$474.0,09-08-2024,09-14-2024
406700856,7KKX458,$546.0,08-30-2024,09-05-2024
829770797,BSSK021,$180.0,07-08-2024,07-10-2024
434552769,FLGB043,$380.0,07-02-2024,07-07-2024
289623324,BMXI972,$225.0,06-05-2024,06-08-2024
521897428,FEYW225,$525.0,07-14-2024,07-21-2024
543634277,EKAD899,$675.0,05-10-2024,05-19-2024
475024229,EGHC643,$475.0,05-20-2024,05-25-2024
513494803,DHEG658,$288.0,04-30-2024,05-04-2024
944445298,AIHE645,$688.0,10-08-2024,10-16-2024
151308019,EIEP639,$225.0,09-18-2024,09-21-2024
406949556,BSSK021,$630.0,06-20-2024,06-27-2024
530033123,FOPO024,$162.0,09-18-2024,09-20-2024
297698304,AYLI330,$585.0,05-12-2024,05-21-2024
843845289,CKGD056,$623.0,07-31-2024,08-07-2024
949638040,DKUW744,$291.0,06-11-2024,06-14-2024
388543883,ARKW693,$340.0,09-30-2024,10-04-2024
388543883,9UIY476,$612.0,04-13-2024,04-22-2024
743302374,AOQA074,$150.0,09-16-2024,09-18-2024
475024229,7XYE541,$272.0,05-11-2024,05-15-2024
369027919,FCTZ147,$675.0,07-09-2024,07-18-2024
563745302,CJNZ445,$558.0,05-25-2024,05-31-2024
808894320,9UGM753,$444.0,04-25-2024,05-01-2024
715206377,COGW723,$216.0,05-19-2024,05-22-2024
666361831,FVDE771,$415.0,06-23-2024,06-28-2024
993042465,EFKZ396,$558.0,06-30-2024,07-06-2024
662240605,CHGT736,$468.0,08-25-2024,08-31-2024
661449798,7HOG319,$276.0,07-30-2024,08-03-2024
882035268,CWOI888,$350.0,08-30-2024,09-04-2024
350930926,FVDE771,$664.0,08-24-2024,09-01-2024
270236027,7SRV090,$588.0,08-28-2024,09-04-2024
916638788,CHGT736,$390.0,06-24-2024,06-29-2024
281206208,EAUA751,$651.0,06-07-2024,06-14-2024
862507606,BDDH581,$148.0,04-27-2024,04-29-2024
255933701,FCTZ147,$675.0,08-17-2024,08-26-2024
199351440,FACF408,$146.0,10-01-2024,10-03-2024
745253651,BIME522,$432.0,04-30-2024,05-06-2024
971613092,FECO336,$760.0,08-03-2024,08-11-2024
751090680,FJZR795,$324.0,10-09-2024,10-13-2024
725335620,CIVB005,$201.0,10-08-2024,10-11-2024
662240605,BGSO491,$444.0,09-05-2024,09-11-2024
725335620,CUPZ257,$630.0,10-06-2024,10-15-2024
305834588,EBXF566,$462.0,06-29-2024,07-06-2024
273059563,9LCR787,$328.0,08-30-2024,09-03-2024
951603713,FMJX362,$469.0,05-07-2024,05-14-2024
199351440,7APQ319,$243.0,09-09-2024,09-12-2024
51513365,DHEG658,$360.0,05-31-2024,06-05-2024
705329700,ECKQ693,$288.0,07-29-2024,08-02-2024
497630591,ECKQ693,$432.0,07-10-2024,07-16-2024
35955195,DMDS717,$430.0,05-16-2024,05-21-2024
993042465,9QDF573,$492.0,04-16-2024,04-22-2024
289623324,ARKW693,$765.0,08-10-2024,08-19-2024
440914226,8NBL948,$657.0,07-23-2024,08-01-2024
296512984,FYWL335,$595.0,09-09-2024,09-16-2024
606059082,7EUD514,$168.0,09-30-2024,10-02-2024
248384166,FECO336,$285.0,08-19-2024,08-22-2024
369027919,FXVO520,$592.0,06-17-2024,06-25-2024
96275268,FTOZ876,$292.0,09-14-2024,09-18-2024
296964710,CHWK582,$414.0,06-24-2024,06-30-2024
286498682,8WGN017,$219.0,07-21-2024,07-24-2024
430273332,DPSQ669,$855.0,08-09-2024,08-18-2024
400046743,ADZB287,$405.0,09-25-2024,09-30-2024
537754808,BSLQ234,$532.0,04-25-2024,05-02-2024
497630591,BSLQ234,$304.0,06-17-2024,06-21-2024
617080020,9PLN751,$158.0,08-22-2024,08-24-2024
650141573,7SRV090,$504.0,05-28-2024,06-03-2024
993928228,ARKW693,$510.0,06-16-2024,06-22-2024
754663999,AERT456,$518.0,06-01-2024,06-08-2024
585673420,DVFL170,$280.0,05-07-2024,05-11-2024
256033486,AUWR734,$600.0,04-16-2024,04-24-2024
872776131,BNNS431,$207.0,06-14-2024,06-17-2024
630415903,ALAS103,$455.0,08-05-2024,08-12-2024
269747208,7TIZ223,$623.0,09-01-2024,09-08-2024
916150002,BEDA260,$375.0,04-15-2024,04-20-2024
179925221,9QKS144,$216.0,10-01-2024,10-04-2024
430273332,9QDF573,$656.0,05-23-2024,05-31-2024
530103853,EUYM215,$195.0,06-17-2024,06-20-2024
350930926,EQON256,$552.0,05-09-2024,05-17-2024
163603617,CHWK582,$414.0,08-23-2024,08-29-2024
967520804,BNNS431,$414.0,06-01-2024,06-07-2024
401456762,FSTD820,$176.0,08-13-2024,08-15-2024
951603713,BNNS431,$552.0,06-05-2024,06-13-2024
175935213,EGHC643,$285.0,10-07-2024,10-10-2024
783202995,9WIQ781,$258.0,05-23-2024,05-26-2024
829770797,CEQG495,$497.0,06-07-2024,06-14-2024
728898444,EUWU242,$567.0,05-10-2024,05-17-2024
163929070,FQNS808,$204.0,09-04-2024,09-07-2024
650141573,DAFB655,$450.0,04-29-2024,05-05-2024
868078333,9GGX082,$630.0,08-11-2024,08-18-2024
170704074,BSLQ234,$684.0,07-10-2024,07-19-2024
448207364,EJUY495,$332.0,07-19-2024,07-23-2024
779990783,EQXI374,$595.0,06-11-2024,06-18-2024
630415903,9UGM753,$296.0,04-18-2024,04-22-2024
404572360,FXAH145,$672.0,06-28-2024,07-05-2024
685503066,EEYC334,$432.0,08-26-2024,09-01-2024
350930926,DIMM313,$190.0,05-08-2024,05-10-2024
452907250,8WKH525,$665.0,06-21-2024,06-28-2024
650729406,EUYM215,$520.0,07-03-2024,07-11-2024
650729406,BSLQ234,$228.0,06-21-2024,06-24-2024
291519750,CSWJ881,$134.0,09-15-2024,09-17-2024
388614881,CUXS961,$280.0,07-12-2024,07-16-2024
35674385,EQON256,$552.0,07-11-2024,07-19-2024
90345877,DHEG658,$144.0,09-16-2024,09-18-2024
955909138,AALF742,$534.0,07-22-2024,07-28-2024
33601814,BPFZ992,$498.0,04-18-2024,04-24-2024
80397217,CUOC036,$320.0,04-30-2024,05-04-2024
980048683,CPII222,$136.0,06-21-2024,06-23-2024
369027919,EAUA751,$558.0,06-30-2024,07-06-2024
650729406,DTYU744,$567.0,07-31-2024,08-07-2024
799473177,7EUD514,$336.0,09-06-2024,09-10-2024
481559250,DAGR448,$415.0,08-15-2024,08-20-2024
134518861,FZOI621,$608.0,05-25-2024,06-02-2024
829770797,9QKS144,$648.0,09-22-2024,10-01-2024
170334582,FYWL335,$340.0,07-16-2024,07-20-2024
993042465,9DPQ331,$810.0,07-06-2024,07-15-2024
609143061,DTYU744,$243.0,06-25-2024,06-28-2024
783202995,FSTD820,$616.0,06-21-2024,06-28-2024
955909138,FCTZ147,$600.0,05-16-2024,05-24-2024
406700856,CWRF435,$675.0,06-05-2024,06-14-2024
430273332,DPSQ669,$665.0,09-18-2024,09-25-2024
530033123,CWOI888,$630.0,08-19-2024,08-28-2024
29412479,EFKZ396,$558.0,09-08-2024,09-14-2024
916150002,EXJE614,$414.0,09-14-2024,09-20-2024
536881306,AACU839,$544.0,04-26-2024,05-04-2024
170704074,EBXF566,$330.0,08-11-2024,08-16-2024
256033486,8NMA869,$190.0,09-01-2024,09-03-2024
673848580,9NKB631,$355.0,07-17-2024,07-22-2024
519693449,DTYU744,$486.0,08-19-2024,08-25-2024
165200085,FFYF780,$616.0,08-11-2024,08-19-2024
297698304,DMDS717,$602.0,05-17-2024,05-24-2024
916150002,FZOI621,$304.0,05-04-2024,05-08-2024
286498682,DTYU744,$405.0,07-21-2024,07-26-2024
829770797,DKUW744,$388.0,04-27-2024,05-01-2024
986144404,FIFH236,$498.0,10-07-2024,10-13-2024
165200085,9GMA719,$375.0,07-31-2024,08-05-2024
363409618,BTCI279,$340.0,07-12-2024,07-17-2024
602073741,ARKW693,$680.0,07-16-2024,07-24-2024
605771361,9QUG766,$368.0,07-17-2024,07-21-2024
479091868,BKWZ479,$162.0,06-09-2024,06-11-2024
30276814,DKUW744,$485.0,06-26-2024,07-01-2024
299793443,BSLQ234,$608.0,09-26-2024,10-04-2024
875120312,9GMA719,$225.0,07-25-2024,07-28-2024
67767737,CWOI888,$350.0,09-27-2024,10-02-2024
305834588,FXAH145,$192.0,05-14-2024,05-16-2024
655669704,CPQC394,$792.0,04-17-2024,04-26-2024
96275268,BLOD776,$603.0,04-27-2024,05-06-2024
808894320,8NMA869,$190.0,04-18-2024,04-20-2024
24050276,FMJX362,$402.0,07-08-2024,07-14-2024
336905526,EFKZ396,$651.0,10-02-2024,10-09-2024
143051701,BMXI972,$600.0,05-12-2024,05-20-2024
269747208,AACU839,$340.0,05-04-2024,05-09-2024
331456401,FTMA717,$522.0,04-29-2024,05-05-2024
440914226,BBJK185,$340.0,07-26-2024,07-30-2024
547754654,ADZB287,$405.0,05-02-2024,05-07-2024
452907250,AALF742,$178.0,07-05-2024,07-07-2024
882035268,EIEP639,$675.0,08-21-2024,08-30-2024
416592246,EEYC334,$432.0,09-19-2024,09-25-2024
782862846,DAFB655,$450.0,05-02-2024,05-08-2024
630415903,CCDI157,$308.0,09-13-2024,09-17-2024
406949556,BNNS431,$138.0,09-07-2024,09-09-2024
874511732,BEDA260,$375.0,06-21-2024,06-26-2024
41111373,DUTM533,$146.0,06-14-2024,06-16-2024
545043561,FEYW225,$300.0,04-23-2024,04-27-2024
615007343,CAVE560,$546.0,06-04-2024,06-11-2024
916150002,BNNS431,$207.0,05-28-2024,05-31-2024
874511732,FCUR408,$148.0,07-06-2024,07-08-2024
440914226,BMXI972,$525.0,05-03-2024,05-10-2024
369027919,EASB230,$136.0,05-30-2024,06-01-2024
788912809,7HOG319,$207.0,09-26-2024,09-29-2024
993042465,AWAS323,$246.0,06-10-2024,06-13-2024
949638040,ECKQ693,$144.0,10-07-2024,10-09-2024
911876854,DJIA268,$264.0,05-03-2024,05-06-2024
296964710,DAGR448,$581.0,05-16-2024,05-23-2024
655669704,EWHA995,$285.0,06-08-2024,06-11-2024
519693449,AOQA074,$450.0,07-06-2024,07-12-2024
680106180,ARKW693,$340.0,04-16-2024,04-20-2024
279866029,CLWM859,$846.0,08-25-2024,09-03-2024
552453893,FOPO024,$405.0,08-30-2024,09-04-2024
475024229,BBPJ356,$344.0,06-16-2024,06-20-2024
179925221,FVDE771,$249.0,07-30-2024,08-02-2024
349485031,DMDS717,$602.0,05-18-2024,05-25-2024
776057912,BDDH581,$370.0,07-27-2024,08-01-2024
138707422,FFYF780,$616.0,05-04-2024,05-12-2024
779990783,BLOD776,$603.0,07-11-2024,07-20-2024
826293402,FXDM421,$164.0,09-10-2024,09-12-2024
488261289,EASB230,$204.0,07-03-2024,07-06-2024
672974148,7XYE541,$476.0,08-15-2024,08-22-2024
363409618,CUXS961,$420.0,06-02-2024,06-08-2024
416592246,BVYQ198,$560.0,04-18-2024,04-25-2024
743302374,AFGY643,$243.0,08-14-2024,08-17-2024
406700856,EASB230,$272.0,04-13-2024,04-17-2024
545043561,FCTZ147,$375.0,07-08-2024,07-13-2024
630415903,BJXF302,$819.0,08-22-2024,08-31-2024
297698304,DPSQ669,$475.0,08-22-2024,08-27-2024
76325232,9QDF573,$410.0,09-10-2024,09-15-2024
165200085,9LCR787,$574.0,08-05-2024,08-12-2024
248384166,BDDH581,$592.0,07-27-2024,08-04-2024
885162558,9GMA719,$450.0,05-21-2024,05-27-2024
782136355,BCPX693,$475.0,04-24-2024,04-29-2024
609143061,7DMP066,$486.0,04-15-2024,04-21-2024
663213752,CWOI888,$630.0,09-29-2024,10-08-2024
388543883,BCPX693,$855.0,07-19-2024,07-28-2024
846025632,7EUD514,$504.0,05-11-2024,05-17-2024
305834588,FCTZ147,$150.0,09-05-2024,09-07-2024
799473177,7KOZ930,$150.0,08-01-2024,08-03-2024
488261289,ECKQ693,$216.0,09-11-2024,09-14-2024
779990783,8NBL948,$365.0,07-18-2024,07-23-2024
199351440,DKIJ782,$210.0,05-29-2024,06-01-2024
76325232,9DLE883,$216.0,06-26-2024,06-29-2024
979725382,EQON256,$483.0,09-08-2024,09-15-2024
126460203,7TIZ223,$445.0,08-24-2024,08-29-2024
799473177,ALAS103,$325.0,05-28-2024,06-02-2024
165200085,FXAH145,$864.0,09-08-2024,09-17-2024
349485031,8NBL948,$511.0,06-29-2024,07-06-2024
761529479,COGW723,$504.0,04-16-2024,04-23-2024
321316431,CPQC394,$704.0,09-08-2024,09-16-2024
863887085,FASB691,$752.0,07-14-2024,07-22-2024
452907250,EUYM215,$520.0,08-27-2024,09-04-2024
400046743,EIPC822,$348.0,06-09-2024,06-13-2024
666361831,9VQH926,$675.0,09-08-2024,09-17-2024
912241333,CKGD056,$712.0,04-20-2024,04-28-2024
911876854,CUPZ257,$630.0,06-01-2024,06-10-2024
289623324,7EUD514,$504.0,05-27-2024,06-02-2024
434552769,CVIA560,$511.0,04-11-2024,04-18-2024
617080020,9VQH926,$150.0,05-29-2024,05-31-2024
826293402,AWAS323,$492.0,04-29-2024,05-05-2024
406949556,BJXF302,$546.0,04-21-2024,04-27-2024
406949556,AIHE645,$516.0,06-03-2024,06-09-2024
521897428,BMOV852,$657.0,07-05-2024,07-14-2024
596142908,CVLY172,$264.0,06-10-2024,06-14-2024
649772556,EIPC822,$783.0,06-10-2024,06-19-2024
256033486,8FOS700,$729.0,06-03-2024,06-12-2024
367015583,AFGY643,$648.0,05-29-2024,06-06-2024
296512984,7SRV090,$504.0,07-16-2024,07-22-2024
296512984,CUOC036,$320.0,06-29-2024,07-03-2024
907155947,CJNZ445,$465.0,07-28-2024,08-02-2024
126460203,BBJK185,$255.0,04-16-2024,04-19-2024
672974148,BJXF302,$728.0,05-27-2024,06-04-2024
434552769,BGSO491,$444.0,08-29-2024,09-04-2024
715206377,9QUG766,$736.0,07-27-2024,08-04-2024
479091868,7TIZ223,$534.0,05-11-2024,05-17-2024
400046743,ECUK231,$567.0,06-27-2024,07-04-2024
469100413,CKSX150,$595.0,05-23-2024,05-30-2024
320644673,DIMM313,$190.0,07-29-2024,07-31-2024
416592246,CUXS961,$490.0,09-02-2024,09-09-2024
745253651,9LDY774,$213.0,06-02-2024,06-05-2024
513494803,ADZB287,$486.0,05-27-2024,06-02-2024
705329700,7HOG319,$621.0,08-22-2024,08-31-2024
909455043,FCUR408,$296.0,09-14-2024,09-18-2024
386172011,DKIJ782,$210.0,08-30-2024,09-02-2024
29412479,ABME422,$255.0,05-29-2024,06-01-2024
761529479,ABNB728,$560.0,07-01-2024,07-09-2024
971613092,ALAS103,$585.0,06-03-2024,06-12-2024
336905526,ABME422,$595.0,07-30-2024,08-06-2024
614713911,DHDA446,$285.0,10-07-2024,10-10-2024
469100413,EASB230,$204.0,05-01-2024,05-04-2024
697866014,FEYW225,$450.0,08-01-2024,08-07-2024
204457426,BBPJ356,$516.0,05-28-2024,06-03-2024
545043561,8ZWL729,$640.0,09-13-2024,09-21-2024
632552843,AEIK122,$162.0,04-26-2024,04-28-2024
449946739,CUPZ257,$630.0,07-19-2024,07-28-2024
754663999,BVYQ198,$320.0,08-15-2024,08-19-2024
553292040,DTYU744,$648.0,05-13-2024,05-21-2024
753068911,BGSO491,$296.0,10-06-2024,10-10-2024
596142908,BKWZ479,$567.0,09-26-2024,10-03-2024
299700131,9DLE883,$216.0,04-27-2024,04-30-2024
129566572,EUYM215,$130.0,05-27-2024,05-29-2024
316650263,9QUG766,$184.0,05-19-2024,05-21-2024
400046743,FAAH928,$592.0,05-09-2024,05-17-2024
35525525,CSWJ881,$268.0,08-14-2024,08-18-2024
967520804,AFBB735,$134.0,09-24-2024,09-26-2024
479091868,BOJT136,$720.0,07-27-2024,08-04-2024
321316431,FACF408,$365.0,07-20-2024,07-25-2024
754663999,DBKD176,$340.0,08-26-2024,08-31-2024
609143061,COGW723,$216.0,06-18-2024,06-21-2024
980048683,EWHA995,$760.0,04-12-2024,04-20-2024
151687148,CUPZ257,$420.0,09-18-2024,09-24-2024
174538441,APAR210,$594.0,06-27-2024,07-06-2024
782862846,ERSM965,$395.0,06-26-2024,07-01-2024
846025632,BBPJ356,$258.0,06-11-2024,06-14-2024
179925221,AWAS323,$246.0,06-27-2024,06-30-2024
536881306,BDDH581,$370.0,09-26-2024,10-01-2024
296964710,AACU839,$612.0,05-25-2024,06-03-2024
967520804,DVFL170,$490.0,06-14-2024,06-21-2024
175935213,CKSX150,$765.0,08-19-2024,08-28-2024
452907250,BGSO491,$444.0,07-07-2024,07-13-2024
255933701,7XMA659,$774.0,09-04-2024,09-13-2024
488261289,DNCG244,$352.0,06-17-2024,06-21-2024
481559250,ECUK231,$729.0,09-10-2024,09-19-2024
606059082,FFYF780,$693.0,09-14-2024,09-23-2024
471564814,FVDE771,$747.0,08-20-2024,08-29-2024
76325232,CLWM859,$658.0,06-06-2024,06-13-2024
179925221,BZBS962,$154.0,04-28-2024,04-30-2024
530033123,EGHC643,$190.0,06-02-2024,06-04-2024
650141573,EXJE614,$345.0,06-16-2024,06-21-2024
955909138,FVDE771,$747.0,07-29-2024,08-07-2024
255933701,CVLY172,$462.0,05-22-2024,05-29-2024
697866014,AUWR734,$375.0,08-16-2024,08-21-2024
955909138,8BFA966,$504.0,06-09-2024,06-16-2024
719210251,8WKH525,$665.0,08-27-2024,09-03-2024
868078333,CDPL309,$368.0,04-23-2024,04-27-2024
491626043,BPTB674,$462.0,07-13-2024,07-19-2024
279866029,CCDI157,$308.0,04-18-2024,04-22-2024
971037928,FSTD820,$792.0,09-05-2024,09-14-2024
751090680,ALAS103,$260.0,07-25-2024,07-29-2024
475024229,DPSQ669,$475.0,10-03-2024,10-08-2024
462964934,CKGD056,$178.0,05-26-2024,05-28-2024
440914226,AERT456,$444.0,05-04-2024,05-10-2024
980048683,AALF742,$801.0,05-03-2024,05-12-2024
615007343,FYWL335,$255.0,06-12-2024,06-15-2024
321316431,ABME422,$765.0,04-26-2024,05-05-2024
151687148,7SRV090,$504.0,07-06-2024,07-12-2024
788912809,EXJE614,$552.0,07-01-2024,07-09-2024
874511732,AIHE645,$688.0,09-27-2024,10-05-2024
753068911,AFDM005,$553.0,09-17-2024,09-24-2024
497630591,EASB230,$612.0,04-18-2024,04-27-2024
134518861,9DLE883,$432.0,07-19-2024,07-25-2024
751090680,FHTG866,$415.0,06-14-2024,06-19-2024
788912809,FCKY011,$680.0,05-24-2024,06-01-2024
536881306,9AKY673,$364.0,08-02-2024,08-06-2024
299793443,BTCI279,$204.0,05-04-2024,05-07-2024
971037928,CUXS961,$210.0,08-18-2024,08-21-2024
481559250,ABOA076,$552.0,07-31-2024,08-06-2024
745253651,DONX147,$675.0,07-15-2024,07-24-2024
299793443,BVYQ198,$720.0,09-13-2024,09-22-2024
204457426,FLGB043,$608.0,06-07-2024,06-15-2024
607091798,ABME422,$510.0,08-29-2024,09-04-2024
165200085,9AKY673,$819.0,09-07-2024,09-16-2024
543634277,ERLB360,$300.0,04-19-2024,04-23-2024
321316431,FTMA717,$348.0,09-27-2024,10-01-2024
937272882,DYDO149,$560.0,06-14-2024,06-21-2024
673848580,ANWR021,$400.0,07-26-2024,07-31-2024
296512984,CSWJ881,$134.0,06-08-2024,06-10-2024
296964710,ABNB728,$350.0,05-29-2024,06-03-2024
909455043,BPFZ992,$498.0,04-19-2024,04-25-2024
289623324,BBPJ356,$258.0,09-16-2024,09-19-2024
296964710,BOJT136,$630.0,04-10-2024,04-17-2024
255933701,CAVE560,$234.0,07-07-2024,07-10-2024
273059563,FVDE771,$166.0,05-14-2024,05-16-2024
296964710,FQNS808,$408.0,05-19-2024,05-25-2024
51513365,FLGB043,$456.0,04-29-2024,05-05-2024
715206377,CUOC036,$720.0,07-21-2024,07-30-2024
526729019,ERSM965,$474.0,06-16-2024,06-22-2024
882035268,FCTZ147,$300.0,10-06-2024,10-10-2024
401456762,COGW723,$144.0,06-11-2024,06-13-2024
780305481,ADZB287,$729.0,08-01-2024,08-10-2024
321316431,8WKH525,$855.0,05-03-2024,05-12-2024
650141573,CCDI157,$231.0,09-21-2024,09-24-2024
650729406,8BFA966,$144.0,06-18-2024,06-20-2024
909455043,CDPL309,$552.0,04-17-2024,04-23-2024
369027919,BCPX693,$760.0,08-19-2024,08-27-2024
829770797,DAFB655,$450.0,07-26-2024,08-01-2024
826293402,CWOI888,$210.0,04-19-2024,04-22-2024
35525525,AFBB735,$603.0,07-08-2024,07-17-2024
725335620,8NMA869,$285.0,07-07-2024,07-10-2024
661449798,9LDY774,$355.0,04-22-2024,04-27-2024
697866014,BEDA260,$225.0,06-21-2024,06-24-2024
875120312,DMDS717,$774.0,07-08-2024,07-17-2024
826293402,DKIJ782,$630.0,05-22-2024,05-31-2024
416592246,CCDI157,$462.0,04-13-2024,04-19-2024
406700856,BEGX199,$340.0,07-27-2024,08-01-2024
462964934,CHWK582,$207.0,09-07-2024,09-10-2024
279866029,8ZWL729,$160.0,09-29-2024,10-01-2024
273059563,FXKY378,$837.0,07-24-2024,08-02-2024
388614881,EIEP639,$300.0,07-07-2024,07-11-2024
491626043,9DLE883,$648.0,05-04-2024,05-13-2024
134518861,BTPZ494,$720.0,04-18-2024,04-27-2024
336905526,7XYE541,$340.0,08-11-2024,08-16-2024
273059563,8KPH461,$414.0,04-19-2024,04-25-2024
753068911,ABME422,$425.0,07-28-2024,08-02-2024
719210251,DIMM313,$665.0,06-25-2024,07-02-2024
526729019,FFYF780,$616.0,08-11-2024,08-19-2024
33601814,7YXK597,$595.0,06-28-2024,07-05-2024
430273332,DETW097,$405.0,09-10-2024,09-15-2024
111324434,BCPX693,$475.0,06-04-2024,06-09-2024
291519750,BCPX693,$855.0,06-11-2024,06-20-2024
521897428,FACF408,$657.0,07-11-2024,07-20-2024
949638040,CHWK582,$483.0,09-13-2024,09-20-2024
479091868,DKUW744,$582.0,05-15-2024,05-21-2024
784629838,BJXF302,$546.0,10-06-2024,10-12-2024
741962683,FVDE771,$498.0,04-12-2024,04-18-2024
872776131,ARKW693,$765.0,04-11-2024,04-20-2024
937272882,CIOD016,$249.0,09-19-2024,09-22-2024
563745302,AOQA074,$150.0,10-09-2024,10-11-2024
109379709,CHWK582,$276.0,08-16-2024,08-20-2024
331456401,7RAV513,$132.0,05-03-2024,05-05-2024
863887085,BOJT136,$450.0,04-19-2024,04-24-2024
788912809,8SMG077,$600.0,06-23-2024,07-01-2024
912241333,DKIJ782,$350.0,09-22-2024,09-27-2024
76325232,BTCI279,$340.0,07-06-2024,07-11-2024
615007343,9VQH926,$225.0,07-25-2024,07-28-2024
993928228,EQON256,$414.0,07-24-2024,07-30-2024
632552843,8FOS700,$162.0,06-25-2024,06-27-2024
51513365,CIVB005,$201.0,08-09-2024,08-12-2024
289623324,BCPX693,$855.0,04-21-2024,04-30-2024
685503066,EEYC334,$648.0,07-16-2024,07-25-2024
608597641,FXDM421,$656.0,08-17-2024,08-25-2024
663213752,EIEP639,$375.0,07-19-2024,07-24-2024
404572360,EASB230,$204.0,06-11-2024,06-14-2024
650141573,7JNY662,$364.0,06-25-2024,06-29-2024
782862846,AURV538,$138.0,06-05-2024,06-07-2024
536881306,CUXS961,$350.0,05-11-2024,05-16-2024
248384166,CPQC394,$352.0,08-15-2024,08-19-2024
41111373,BGSO491,$296.0,04-29-2024,05-03-2024
401456762,BPFZ992,$332.0,06-09-2024,06-13-2024
863887085,ABOA076,$276.0,09-05-2024,09-08-2024
452907250,8ZWL729,$640.0,07-26-2024,08-03-2024
705329700,EEYC334,$216.0,04-19-2024,04-22-2024
846025632,CWRF435,$300.0,07-02-2024,07-06-2024
530103853,BSLQ234,$608.0,08-28-2024,09-05-2024
440914226,8NBL948,$365.0,07-07-2024,07-12-2024
783202995,AERT456,$592.0,08-19-2024,08-27-2024
563745302,7KOZ930,$225.0,05-14-2024,05-17-2024
165200085,7BSC477,$574.0,04-30-2024,05-07-2024
170334582,ECKQ693,$288.0,07-08-2024,07-12-2024
609143061,BEDA260,$300.0,07-01-2024,07-05-2024
126460203,CEQG495,$355.0,04-14-2024,04-19-2024
151308019,EAUA751,$744.0,09-03-2024,09-11-2024
650279219,DHDA446,$570.0,09-04-2024,09-10-2024
840338406,9NXW107,$460.0,08-26-2024,08-31-2024
661449798,FAAH928,$148.0,06-04-2024,06-06-2024
369027919,FCUR408,$666.0,07-02-2024,07-11-2024
129566572,DYDO149,$480.0,06-24-2024,06-30-2024
481559250,BBJK185,$680.0,07-27-2024,08-04-2024
27621585,ERSM965,$158.0,05-07-2024,05-09-2024
666361831,EWHA995,$475.0,06-26-2024,07-01-2024
944445298,BBPJ356,$516.0,09-03-2024,09-09-2024
697866014,FACF408,$292.0,08-06-2024,08-10-2024
609143061,FJZR795,$648.0,09-07-2024,09-15-2024
971613092,CWRF435,$375.0,07-20-2024,07-25-2024
530103853,DMDS717,$344.0,08-08-2024,08-12-2024
41111373,CJNZ445,$651.0,09-28-2024,10-05-2024
479091868,EQON256,$414.0,06-24-2024,06-30-2024
753068911,DZTU703,$188.0,09-13-2024,09-15-2024
76325232,AVYE338,$324.0,08-22-2024,08-26-2024
67767737,9NKB631,$142.0,09-01-2024,09-03-2024
655669704,7JNY662,$728.0,05-25-2024,06-02-2024
174538441,FMJX362,$268.0,04-11-2024,04-15-2024
971613092,ANWR021,$160.0,04-16-2024,04-18-2024
35955195,DHDA446,$665.0,08-08-2024,08-15-2024
519693449,FCKY011,$340.0,05-30-2024,06-03-2024
916638788,DTYU744,$648.0,08-18-2024,08-26-2024
705329700,FACF408,$146.0,09-07-2024,09-09-2024
64543866,8FOS700,$162.0,06-02-2024,06-04-2024
24050276,DTYU744,$162.0,07-21-2024,07-23-2024
388614881,FCUR408,$592.0,07-31-2024,08-08-2024
119278408,DHDA446,$570.0,08-02-2024,08-08-2024
940813921,CPII222,$136.0,06-21-2024,06-23-2024
475024229,9WIQ781,$344.0,06-08-2024,06-12-2024
299793443,9GGX082,$180.0,06-30-2024,07-02-2024
497630591,BGSO491,$592.0,05-18-2024,05-26-2024
664492907,AACU839,$340.0,09-14-2024,09-19-2024
543634277,BCPX693,$855.0,04-27-2024,05-06-2024
369027919,CIVB005,$536.0,04-14-2024,04-22-2024
776057912,ERSM965,$632.0,08-18-2024,08-26-2024
840338406,9QUG766,$644.0,07-22-2024,07-29-2024
823967817,BNNS431,$414.0,07-11-2024,07-17-2024
64543866,7EUD514,$756.0,05-16-2024,05-25-2024
76325232,ECKQ693,$648.0,08-17-2024,08-26-2024
602073741,8SMG077,$525.0,08-28-2024,09-04-2024
630415903,CHGT736,$156.0,05-25-2024,05-27-2024
372987728,BOJT136,$360.0,09-25-2024,09-29-2024
955909138,ARKW693,$680.0,04-26-2024,05-04-2024
976465949,FCUR408,$518.0,06-02-2024,06-09-2024
440914226,APAR210,$396.0,06-17-2024,06-23-2024
320644673,DNCG244,$264.0,05-01-2024,05-04-2024
776057912,FUXJ974,$497.0,07-11-2024,07-18-2024
350930926,BBPJ356,$258.0,07-26-2024,07-29-2024
64543866,BEDA260,$150.0,08-18-2024,08-20-2024
596142908,CJNZ445,$279.0,05-14-2024,05-17-2024
986144404,EBXF566,$462.0,08-28-2024,09-04-2024
715206377,BEDA260,$150.0,07-21-2024,07-23-2024
949638040,9LDY774,$213.0,07-27-2024,07-30-2024
297698304,CPQX649,$432.0,07-05-2024,07-11-2024
782862846,DTYU744,$162.0,05-14-2024,05-16-2024
199351440,EUWU242,$324.0,08-12-2024,08-16-2024
90345877,BMOV852,$146.0,08-08-2024,08-10-2024
608597641,9LDY774,$142.0,08-05-2024,08-07-2024
666361831,BMOV852,$584.0,08-12-2024,08-20-2024
909455043,EFKZ396,$465.0,09-06-2024,09-11-2024
530103853,9VQH926,$225.0,05-21-2024,05-24-2024
488261289,AOQA074,$300.0,06-03-2024,06-07-2024
279866029,DUTM533,$292.0,08-14-2024,08-18-2024
491626043,FYWL335,$170.0,05-03-2024,05-05-2024
488261289,FJZR795,$486.0,08-22-2024,08-28-2024
170704074,FXDM421,$738.0,04-28-2024,05-07-2024
680106180,FAAH928,$370.0,05-07-2024,05-12-2024
440914226,AFDM005,$632.0,07-03-2024,07-11-2024
248384166,BBJK185,$510.0,07-02-2024,07-08-2024
875120312,ADZB287,$567.0,09-18-2024,09-25-2024
163929070,ABOA076,$368.0,08-30-2024,09-03-2024
24050276,FHTG866,$415.0,04-29-2024,05-04-2024
386172011,7KKX458,$637.0,07-05-2024,07-12-2024
779990783,8WKH525,$190.0,05-21-2024,05-23-2024
944445298,EFKZ396,$744.0,06-18-2024,06-26-2024
388543883,EFSW689,$332.0,08-21-2024,08-25-2024
951603713,7BSC477,$410.0,09-11-2024,09-16-2024
862507606,BRUA581,$156.0,04-17-2024,04-19-2024
543634277,DUTM533,$438.0,04-15-2024,04-21-2024
248384166,7SRV090,$672.0,06-24-2024,07-02-2024
874511732,9VQH926,$300.0,06-05-2024,06-09-2024
751090680,9WHO625,$340.0,05-24-2024,05-28-2024
753068911,DPSQ669,$190.0,08-02-2024,08-04-2024
248384166,9UIY476,$476.0,04-23-2024,04-30-2024
971613092,7KKX458,$728.0,09-05-2024,09-13-2024
331456401,8SMG077,$150.0,08-05-2024,08-07-2024
655669704,CVLY172,$396.0,07-29-2024,08-04-2024
728898444,FZOI621,$532.0,05-29-2024,06-05-2024
316650263,7KOZ930,$300.0,05-23-2024,05-27-2024
316650263,DQTM478,$819.0,04-12-2024,04-21-2024
199351440,AURV538,$276.0,06-23-2024,06-27-2024
462964934,DZTU703,$470.0,10-05-2024,10-10-2024
406949556,AUWR734,$525.0,07-15-2024,07-22-2024
596142908,8SMG077,$525.0,07-11-2024,07-18-2024
743302374,BSSK021,$360.0,04-26-2024,04-30-2024
51513365,BMOV852,$584.0,09-03-2024,09-11-2024
163929070,BBPJ356,$602.0,08-15-2024,08-22-2024
862507606,CYAJ505,$170.0,09-16-2024,09-18-2024
363409618,FLGB043,$456.0,10-03-2024,10-09-2024
761529479,BBJK185,$595.0,06-28-2024,07-05-2024
388543883,9NXW107,$184.0,07-22-2024,07-24-2024
430273332,BLOD776,$134.0,06-16-2024,06-18-2024
296512984,8BFA966,$432.0,05-18-2024,05-24-2024
80397217,EQON256,$207.0,06-08-2024,06-11-2024
783202995,FVDE771,$498.0,08-13-2024,08-19-2024
297698304,CYAJ505,$255.0,08-20-2024,08-23-2024
87629901,CPQX649,$432.0,07-12-2024,07-18-2024
779990783,BDDH581,$148.0,04-29-2024,05-01-2024
84574353,BMXI972,$675.0,09-30-2024,10-09-2024
666361831,FAAH928,$444.0,08-15-2024,08-21-2024
126460203,FZOI621,$456.0,05-08-2024,05-14-2024
363409618,CDPL309,$644.0,07-13-2024,07-20-2024
753068911,ECKQ693,$432.0,04-26-2024,05-02-2024
497630591,7HOG319,$621.0,05-10-2024,05-19-2024
29412479,AIHE645,$430.0,08-02-2024,08-07-2024
705329700,9QDF573,$246.0,06-06-2024,06-09-2024
949638040,ANWR021,$640.0,08-13-2024,08-21-2024
949638040,BMOV852,$657.0,10-01-2024,10-10-2024
96275268,ADZB287,$324.0,08-06-2024,08-10-2024
526729019,FTOZ876,$511.0,09-30-2024,10-07-2024
872776131,FEYW225,$375.0,05-23-2024,05-28-2024
367015583,BUCH439,$460.0,07-23-2024,07-28-2024
971613092,AFBB735,$268.0,09-06-2024,09-10-2024
986144404,8YYA881,$160.0,08-03-2024,08-05-2024
662240605,EFKZ396,$651.0,06-22-2024,06-29-2024
90345877,CHGT736,$702.0,09-21-2024,09-30-2024
350930926,EAUA751,$279.0,04-25-2024,04-28-2024
96275268,FFYF780,$308.0,04-13-2024,04-17-2024
29412479,BOJT136,$270.0,06-15-2024,06-18-2024
872776131,FJZR795,$162.0,07-09-2024,07-11-2024
296964710,FYWL335,$595.0,07-13-2024,07-20-2024
281206208,DNCG244,$616.0,08-10-2024,08-17-2024
488261289,7KOZ930,$225.0,09-05-2024,09-08-2024
753068911,9PLN751,$474.0,08-20-2024,08-26-2024
<Classes.user.User object at 0x132d48b10>,7PUF483,$581.0,05-16-2024,05-23-2024
<Classes.user.User object at 0x1130c6210>,FTMA717,$435.0,05-10-2024,05-15-2024
<Classes.user.User object at 0x1344a5cd0>,AEIK122,$648.0,05-15-2024,05-23-2024
<Classes.user.User object at 0x1368a1050>,9PLN751,$711.0,05-15-2024,05-24-2024
<Classes.user.User object at 0x1328d9890>,7PUF483,$581.0,05-17-2024,05-24-2024
<Classes.user.User object at 0x1369447d0>,CVIA560,$146.0,05-16-2024,05-18-2024
<Classes.user.User object at 0x13664a9d0>,7PUF483,$747.0,05-15-2024,05-24-2024
