First Name,Last Name,Username,Hashed Password,UUID
Cameron,Potvin,cpot,776421913066,2243925363
John,Doe,jdoe,197898900438,761529479
Jane,Doe,janedoe,866644821505,779990783
Bob,Bobertson,bobb,45169499210,440572544
asdf,jkl,asdf,505152177649,649772556
Corazon,Elder,CEld,931440340617,979725382
Ethan,Ware,EWar,313642903395,475024229
Jessica,Sistrunk,JSis,35217102649,165200085
William,Hamel,WHam,262098725606,530033123
Roger,Mcbride,RMcb,520328268264,90345877
Philip,Ahart,PAha,798658242961,273059563
Denise,Huff,DHuf,502744806665,662240605
Travis,Lorenzen,TLor,870520939424,782136355
Bok,Kelly,BKel,589565397708,41111373
Erna,Cox,ECox,976290219665,829770797
Charles,Blake,CBla,215087022981,255933701
Maureen,Shrader,MShr,722087202551,666361831
Edward,Miller,EMil,452695188440,64543866
Karen,Carney,KCar,663804170609,615007343
Robert,Theel,RThe,413338379366,27621585
Charles,Vizzi,CViz,818348155944,563745302
Harold,Quintero,HQui,609121478096,316650263
Robert,Quinn,RQui,526252940104,788912809
Bradley,Mcculley,BMcc,375331548963,80397217
Lynn,Rhea,LRhe,548741181140,491626043
Courtney,Vanderwal,CVan,761644691806,572142812
John,Mcallister,JMca,552677211042,76325232
Mercedes,Jackiewicz,MJac,551506092640,109379709
Donald,Coleman,DCol,658719943002,743302374
Annette,Guzman,AGuz,455404200911,321316431
Thomas,Lauricella,TLau,679871089831,401456762
Kate,Davis,KDav,763235482464,916638788
Gerald,Pearson,GPea,831697756943,367015583
Lauretta,Moore,LMoo,21071273480,24050276
Elizabeth,Rainey,ERai,81976022138,526729019
Brian,Martin,BMar,534432323086,650279219
William,Waddell,WWad,753153195282,331456401
Edward,Thompson,ETho,690232411830,725335620
Haywood,Suennen,HSue,235745958718,336905526
Jose,Zampieri,JZam,289135631052,986144404
Glenda,Shipp,GShi,842276343381,119278408
Jacque,Foley,JFol,327307866796,655669704
Martin,Sipple,MSip,866489833306,862507606
Dale,Morton,DMor,558405524323,650729406
Glinda,Chee,GChe,51889606119,519693449
Jonathon,Bontrager,JBon,463441299581,471564814
Loretta,Adolphson,LAdo,319756376452,971037928
Michael,Washington,MWas,225115670464,462964934
Terry,Pride,TPri,697094782706,680106180
Karen,Zettlemoyer,KZet,856938305328,174538441
John,Robinson,JRob,110243559947,350930926
Shelly,Sheridan,SShe,682207427022,369027919
Guadalupe,Sagraves,GSag,647287996119,685503066
Curtis,Martin,CMar,265364572873,912241333
Joseph,White,JWhi,264096263625,622764931
Stacey,Mcdougal,SMcd,54672668160,143051701
Michael,Brown,MBro,905471436511,430273332
Garland,Bard,GBar,375040267547,388543883
Sylvia,Saucier,SSau,117052801843,479091868
Rodney,Andrade,RAnd,602941142845,745253651
Matthew,Mclean,MMcl,197508666778,874511732
Alfonzo,Bolger,ABol,364295824311,126460203
Dennis,Reynolds,DRey,972072763629,552453893
Ellen,Huskey,EHus,578819968482,937272882
Melissa,Peters,MPet,916684325191,882035268
Doris,Williams,DWil,876715865936,29412479
William,Wright,WWri,134040472088,179925221
Carey,Asher,CAsh,580571992302,440914226
Ruben,Molina,RMol,416435681990,672974148
Molly,Mccormick,MMcc,360765877649,136724904
Edith,Mcilvain,EMci,16869563779,955909138
May,Jemison,MJem,60563317803,607091798
Arturo,Salazar,ASal,718511663719,580030853
Joshua,Bankhead,JBan,837726868518,388614881
Nellie,Aguilar,NAgu,564937058413,648851830
James,Vanschoick,JVan,924461859962,291519750
Larry,Graves,LGra,499408767903,596142908
Hannah,Miranda,HMir,771614131448,151687148
Morris,Bergmark,MBer,655121181785,715206377
Margaret,Ramirez,MRam,782522389137,783202995
Lucy,Ramsdell,LRam,824495669245,488261289
Lily,Anderson,LAnd,516840466574,35525525
Sarah,Partida,SPar,300991403092,907155947
Ashley,Delgado,ADel,566564250773,776057912
Lonnie,Maxwell,LMax,400070394982,163929070
Joseph,Langlois,JLan,572085019167,719210251
John,Montague,JMon,824741130968,434552769
Evelyn,Ayala,EAya,687616026476,449946739
Nellie,Hartley,NHar,330954377350,270236027
Ruby,Ryan,RRya,890552471585,677598598
Jane,Bryant,JBry,66637489972,606059082
Florence,Burnett,FBur,654146087998,826293402
Joshua,Robinson,JRob,700429466372,911876854
Mattie,Ernest,MErn,535099434689,320644673
William,Leal,WLea,281045416111,406949556
Barbara,Lawson,BLaw,654823374815,170334582
Russell,Kennedy,RKen,527110180078,35674385
Daniel,Harris,DHar,762220235629,782862846
Richard,Matthews,RMat,118498020683,386172011
Lisa,Nix,LNix,121832317717,129566572
Glenn,Watts,GWat,510325284196,452907250
Raul,Brown,RBro,131908278631,753068911
Cindy,Yates,CYat,792837773474,650141573
John,Atkinson,JAtk,708448859425,448207364
Bryan,Gordon,BGor,537528709660,175935213
Scott,Neagle,SNea,291592347108,605771361
Jack,Romero,JRom,206356984856,35955195
Robert,Bowman,RBow,340553580325,111324434
Dwight,Hutchings,DHut,416310015226,289623324
Sheryl,Bottorff,SBot,87105109673,481559250
Karen,Wright,KWri,416840820934,967520804
Aldo,Knott,AKno,970983871694,138707422
Kim,Mccormick,KMcc,493896780160,617080020
Trevor,Logan,TLog,639749541827,614713911
Tommie,Green,TGre,260076461315,840338406
Aileen,High,AHig,904260180375,705329700
Javier,Robinson,JRob,228878732796,349485031
Jose,Settle,JSet,933101675923,751090680
Jeffrey,Parker,JPar,850602707826,728898444
Michael,Arline,MArl,287126627912,664492907
Heidi,Ward,HWar,605984872217,846025632
Lawrence,Rice,LRic,925667517581,286498682
Tim,Johnson,TJoh,90695879691,170704074
Barbara,Witte,BWit,287745554272,299793443
Lamont,Kahl,LKah,153374691739,296964710
Joseph,Ambrosino,JAmb,100528055300,823967817
Cody,Blackstone,CBla,704622369388,521897428
Joselyn,Brown,JBro,332785970358,754663999
John,Cooper,JCoo,633126014230,416592246
Elizabeth,Davis,EDav,980359356092,673848580
Nellie,Jensen,NJen,370397256106,360512733
Edward,Andrews,EAnd,393923507622,363409618
Elsie,Overmyer,EOve,447441159944,872776131
Brian,Roberts,BRob,545074726775,602073741
Margie,Lansdale,MLan,800882146951,940813921
Jordan,Crawford,JCra,164455949740,67767737
Julie,Gonzalez,JGon,290536508374,863887085
Daniel,Davis,DDav,499025433322,843845289
Alfred,Gonzales,AGon,986199282194,497630591
Wilfredo,Rice,WRic,727290445419,980048683
Tawanda,Mask,TMas,465293040962,875120312
Phyllis,Williams,PWil,514841712128,780305481
Jennifer,Winn,JWin,519352242954,799473177
Ricky,Day,RDay,707752659621,256033486
Patricia,Hayes,PHay,864936430277,537754808
Edward,Eshom,EEsh,986560711740,543634277
Christopher,London,CLon,480046315590,469100413
Carmen,Floyd,CFlo,565405542409,134518861
Anita,Banks,ABan,617344472367,199351440
Dominica,Willmon,DWil,561022153085,536881306
Andrew,Stafford,ASta,800595025597,632552843
Adam,Linder,ALin,910982392317,33601814
Jonathan,Steele,JSte,741332595262,96275268
Rafael,Welch,RWel,102162125008,545043561
Hugo,Vest,HVes,136772682648,909455043
Sarah,Hanson,SHan,726201243135,279866029
Shasta,Kelly,SKel,197631544705,663213752
Margarite,Bruce,MBru,258433964674,163603617
Sharon,Bautista,SBau,979064129562,951603713
David,Shields,DShi,471217719963,372987728
David,Miller,DMil,702225318265,296512984
Robert,Noble,RNob,42318313655,784629838
Jeremiah,Dupont,JDup,144651787755,299700131
Josephine,Kilroy,JKil,403750117514,305834588
Grant,Halfmann,GHal,9723571854,697866014
Herman,Brown,HBro,744513735427,868078333
David,Kern,DKer,402458806298,51513365
Diane,Catanzarite,DCat,910793519657,916150002
Albert,Kiel,AKie,21159448992,87629901
Fred,Caudle,FCau,682607346888,944445298
Goldie,Lam,GLam,277469613738,30276814
Sam,Moseley,SMos,979209943950,976465949
Buddy,Woodard,BWoo,704821029026,850776163
Richard,Summers,RSum,81419637311,993928228
Vanessa,Werner,VWer,933716690450,609143061
John,Pierce,JPie,84577378310,971613092
Lloyd,Armstrong,LArm,334739737505,885162558
William,Hernandez,WHer,506993439049,281206208
Lillian,Pennington,LPen,812594335034,585673420
John,Carpenter,JCar,283857301445,204457426
Henry,Simpson,HSim,642554759615,808894320
Vanessa,Colliver,VCol,557233694443,553292040
Walter,Bierman,WBie,329663352425,404572360
Mildred,Martin,MMar,791829229555,619352328
Jose,Smith,JSmi,122473308163,406700856
Sonny,Abel,SAbe,547161159190,248384166
Wesley,Sanchez,WSan,297659399710,151308019
Jimmy,Ochoa,JOch,193939244111,400046743
Darren,Boltz,DBol,603072925219,530103853
Peter,Swift,PSwi,606142651249,513494803
Frank,Sandoval,FSan,253665826639,993042465
Gabriel,Snow,GSno,782571244395,949638040
Holly,Pegues,HPeg,265328337548,363757323
Myrna,Chavez,MCha,448738510375,84574353
Stephanie,Robertson,SRob,113196665236,547754654
Charles,Clark,CCla,135199235308,297698304
Carole,Robinson,CRob,210692612233,608597641
Frank,Levey,FLev,739000509349,661449798
Donald,Larson,DLar,902188090362,269747208
David,Estrella,DEst,165700806332,741962683
Charles,Maynard,CMay,686529602714,630415903
Barbara,Stacks,BSta,956447625504,514413646
Roger,Newsom,RNew,886339288485,137757919
Clement,Mckinnon,CMck,484000313269,374408479
Joseph,Chi,JChi,921686927097,855496575
test,test,test,607644363272,709211041
test1,test2,test3,421331294346,447392214
test2,test3,test4,260039927551,873792099
asdfghjk,asdfghjk,asdfghjk,760313861945,313630721
